DATE,EVZCLS
11/1/2007,8.09
11/2/2007,8.12
11/5/2007,7.98
11/6/2007,8.18
11/7/2007,9.31
11/8/2007,9.9
11/9/2007,.
11/12/2007,10.17
11/13/2007,9.3
11/14/2007,8.88
11/15/2007,9.37
11/16/2007,9.64
11/19/2007,9.37
11/20/2007,10.17
11/21/2007,10.1
11/22/2007,.
11/23/2007,.
11/26/2007,9.82
11/27/2007,9.92
11/28/2007,10.03
11/29/2007,10.05
11/30/2007,8.95
12/3/2007,9.34
12/4/2007,9.57
12/5/2007,9.36
12/6/2007,9.39
12/7/2007,8.79
12/10/2007,.
12/11/2007,.
12/12/2007,8.42
12/13/2007,.
12/14/2007,.
12/17/2007,7.77
12/18/2007,9.58
12/19/2007,9.64
12/20/2007,9.93
12/21/2007,9.7
12/24/2007,.
12/25/2007,.
12/26/2007,9.06
12/27/2007,8.56
12/28/2007,8.66
12/31/2007,9.3
1/1/2008,.
1/2/2008,8.64
1/3/2008,9.05
1/4/2008,8.63
1/7/2008,.
1/8/2008,7.43
1/9/2008,8.28
1/10/2008,7.39
1/11/2008,8.14
1/14/2008,7.18
1/15/2008,7.99
1/16/2008,9.12
1/17/2008,9.29
1/18/2008,9.3
1/21/2008,.
1/22/2008,10.02
1/23/2008,9.98
1/24/2008,9.32
1/25/2008,9.57
1/28/2008,9.27
1/29/2008,9.37
1/30/2008,8.18
1/31/2008,8.82
2/1/2008,9.12
2/4/2008,9.52
2/5/2008,10.31
2/6/2008,10.56
2/7/2008,10.96
2/8/2008,10.6
2/11/2008,10.47
2/12/2008,10.29
2/13/2008,10.05
2/14/2008,9.66
2/15/2008,9.38
2/18/2008,.
2/19/2008,9.31
2/20/2008,9.6
2/21/2008,9.36
2/22/2008,9.11
2/25/2008,9.19
2/26/2008,8.98
2/27/2008,10.07
2/28/2008,9.77
2/29/2008,9.91
3/3/2008,10.33
3/4/2008,10.26
3/5/2008,10.02
3/6/2008,9.97
3/7/2008,10.38
3/10/2008,9.93
3/11/2008,10.23
3/12/2008,7.92
3/13/2008,7.93
3/14/2008,10
3/17/2008,11.05
3/18/2008,13.03
3/19/2008,17.18
3/20/2008,13.36
3/21/2008,.
3/24/2008,12.64
3/25/2008,12.27
3/26/2008,12.19
3/27/2008,12.42
3/28/2008,12.22
3/31/2008,12.35
4/1/2008,12.3
4/2/2008,12.02
4/3/2008,11.96
4/4/2008,11.85
4/7/2008,11.59
4/8/2008,11.61
4/9/2008,11.62
4/10/2008,11.75
4/11/2008,11.63
4/14/2008,11.99
4/15/2008,11.89
4/16/2008,11.65
4/17/2008,11.85
4/18/2008,11.89
4/21/2008,11.65
4/22/2008,11.36
4/23/2008,11.41
4/24/2008,11.44
4/25/2008,10.86
4/28/2008,11.16
4/29/2008,10.74
4/30/2008,11.12
5/1/2008,10.77
5/2/2008,10.39
5/5/2008,10.57
5/6/2008,10.59
5/7/2008,10.55
5/8/2008,10.64
5/9/2008,10.42
5/12/2008,10.68
5/13/2008,10.63
5/14/2008,10.43
5/15/2008,10.1
5/16/2008,9.72
5/19/2008,9.75
5/20/2008,9.95
5/21/2008,10.19
5/22/2008,9.99
5/23/2008,9.75
5/26/2008,.
5/27/2008,9.83
5/28/2008,9.84
5/29/2008,10.04
5/30/2008,9.88
6/2/2008,10.03
6/3/2008,9.98
6/4/2008,9.92
6/5/2008,10
6/6/2008,10.08
6/9/2008,10.88
6/10/2008,11.23
6/11/2008,11.21
6/12/2008,11.35
6/13/2008,11.47
6/16/2008,10.92
6/17/2008,10.38
6/18/2008,10.26
6/19/2008,9.94
6/20/2008,9.52
6/23/2008,9.95
6/24/2008,9.94
6/25/2008,9.75
6/26/2008,9.64
6/27/2008,9.95
6/30/2008,10.36
7/1/2008,10.34
7/2/2008,10.46
7/3/2008,10.38
7/4/2008,.
7/7/2008,10.1
7/8/2008,9.87
7/9/2008,9.53
7/10/2008,9.5
7/11/2008,10.18
7/14/2008,10.88
7/15/2008,11.65
7/16/2008,11.26
7/17/2008,10.94
7/18/2008,10.43
7/21/2008,10.29
7/22/2008,10.07
7/23/2008,9.79
7/24/2008,9.38
7/25/2008,9.25
7/28/2008,9.16
7/29/2008,8.81
7/30/2008,9.3
7/31/2008,9.05
8/1/2008,8.93
8/4/2008,9.27
8/5/2008,9.2
8/6/2008,9.3
8/7/2008,9.91
8/8/2008,11.23
8/11/2008,11.64
8/12/2008,11.45
8/13/2008,11.59
8/14/2008,11.19
8/15/2008,11.04
8/18/2008,10.92
8/19/2008,10.92
8/20/2008,10.86
8/21/2008,10.99
8/22/2008,10.73
8/25/2008,10.92
8/26/2008,11.17
8/27/2008,11.05
8/28/2008,10.93
8/29/2008,11.19
9/1/2008,.
9/2/2008,11.89
9/3/2008,11.99
9/4/2008,12.01
9/5/2008,12.76
9/8/2008,14.16
9/9/2008,13.67
9/10/2008,10.94
9/11/2008,14.04
9/12/2008,13.34
9/15/2008,15.31
9/16/2008,15.05
9/17/2008,19.15
9/18/2008,11.91
9/19/2008,14.87
9/22/2008,15.47
9/23/2008,15.23
9/24/2008,14.15
9/25/2008,14.42
9/26/2008,14.99
9/29/2008,15.32
9/30/2008,18.72
10/1/2008,17.28
10/2/2008,18.34
10/3/2008,19.01
10/6/2008,23.1
10/7/2008,20.52
10/8/2008,18.45
10/9/2008,18.24
10/10/2008,18.24
10/13/2008,24.17
10/14/2008,19.92
10/15/2008,18.87
10/16/2008,19.17
10/17/2008,20.56
10/20/2008,18.99
10/21/2008,20.2
10/22/2008,24.33
10/23/2008,23.5
10/24/2008,25.04
10/27/2008,27.17
10/28/2008,25.8
10/29/2008,26.45
10/30/2008,28.23
10/31/2008,30.66
11/3/2008,28.2
11/4/2008,24.84
11/5/2008,24.53
11/6/2008,25.36
11/7/2008,25.2
11/10/2008,23.16
11/11/2008,24.57
11/12/2008,24.78
11/13/2008,25.9
11/14/2008,25.7
11/17/2008,26.87
11/18/2008,26.03
11/19/2008,23.21
11/20/2008,23.63
11/21/2008,22.81
11/24/2008,23.71
11/25/2008,24.05
11/26/2008,22.28
11/27/2008,.
11/28/2008,21.73
12/1/2008,25.51
12/2/2008,24.72
12/3/2008,24.74
12/4/2008,23.52
12/5/2008,22.24
12/8/2008,21.61
12/9/2008,20.41
12/10/2008,19.04
12/11/2008,19.04
12/12/2008,19.79
12/15/2008,23.13
12/16/2008,24.04
12/17/2008,28.07
12/18/2008,29.62
12/19/2008,28.51
12/22/2008,27.07
12/23/2008,25.05
12/24/2008,23.84
12/25/2008,.
12/26/2008,23.45
12/29/2008,25.23
12/30/2008,23.35
12/31/2008,25.04
1/1/2009,.
1/2/2009,25.67
1/5/2009,26.8
1/6/2009,26.25
1/7/2009,24.82
1/8/2009,24.71
1/9/2009,23.53
1/12/2009,23.27
1/13/2009,23.4
1/14/2009,24.23
1/15/2009,24.07
1/16/2009,21.28
1/19/2009,.
1/20/2009,24.2
1/21/2009,23.04
1/22/2009,22.42
1/23/2009,21.36
1/26/2009,21.63
1/27/2009,21.82
1/28/2009,21.59
1/29/2009,21.52
1/30/2009,20.98
2/2/2009,21.18
2/3/2009,21.22
2/4/2009,20.62
2/5/2009,20.19
2/6/2009,19.55
2/9/2009,19.8
2/10/2009,20.29
2/11/2009,20.39
2/12/2009,20.31
2/13/2009,19.83
2/16/2009,.
2/17/2009,21.81
2/18/2009,21.04
2/19/2009,20.31
2/20/2009,19.93
2/23/2009,20.69
2/24/2009,20.73
2/25/2009,19.88
2/26/2009,19.4
2/27/2009,18.91
3/2/2009,18.69
3/3/2009,17.98
3/4/2009,17.78
3/5/2009,17.25
3/6/2009,17.48
3/9/2009,17.3
3/10/2009,18.56
3/11/2009,17.28
3/12/2009,17.2
3/13/2009,17.55
3/16/2009,17.89
3/17/2009,16.66
3/18/2009,18.53
3/19/2009,19.91
3/20/2009,20.08
3/23/2009,20.73
3/24/2009,19.45
3/25/2009,19.61
3/26/2009,19.08
3/27/2009,20.15
3/30/2009,20.23
3/31/2009,20.2
4/1/2009,19.88
4/2/2009,19.32
4/3/2009,19.32
4/6/2009,19.32
4/7/2009,19.32
4/8/2009,19.32
4/9/2009,15.52
4/10/2009,.
4/13/2009,16.2
4/14/2009,16.2
4/15/2009,15.85
4/16/2009,12.06
4/17/2009,13.46
4/20/2009,13.53
4/21/2009,13.64
4/22/2009,14.52
4/23/2009,13.76
4/24/2009,14.09
4/27/2009,14.63
4/28/2009,14.43
4/29/2009,15.04
4/30/2009,14.55
5/1/2009,14.57
5/4/2009,14.89
5/5/2009,14.78
5/6/2009,15.08
5/7/2009,15.34
5/8/2009,14.34
5/11/2009,15.72
5/12/2009,15.97
5/13/2009,15.94
5/14/2009,15.37
5/15/2009,14.03
5/18/2009,14.26
5/19/2009,13.92
5/20/2009,14.36
5/21/2009,14.37
5/22/2009,16.14
5/25/2009,.
5/26/2009,15.72
5/27/2009,15.51
5/28/2009,15.47
5/29/2009,15.52
6/1/2009,15.63
6/2/2009,15.41
6/3/2009,16.37
6/4/2009,16.4
6/5/2009,15.71
6/8/2009,15.57
6/9/2009,15.05
6/10/2009,15.14
6/11/2009,14.77
6/12/2009,14.13
6/15/2009,14.08
6/16/2009,14.28
6/17/2009,14.17
6/18/2009,14.12
6/19/2009,13.74
6/22/2009,13.82
6/23/2009,14.78
6/24/2009,14.67
6/25/2009,13.98
6/26/2009,13.5
6/29/2009,13.59
6/30/2009,13.45
7/1/2009,13.34
7/2/2009,12.92
7/3/2009,.
7/6/2009,12.92
7/7/2009,12.69
7/8/2009,12.9
7/9/2009,12.52
7/10/2009,12.38
7/13/2009,12.64
7/14/2009,11.66
7/15/2009,11.7
7/16/2009,11.65
7/17/2009,11.82
7/20/2009,12.51
7/21/2009,12.66
7/22/2009,12.54
7/23/2009,12.01
7/24/2009,11.89
7/27/2009,11.89
7/28/2009,11.67
7/29/2009,11.86
7/30/2009,11.52
7/31/2009,11.61
8/3/2009,12.61
8/4/2009,12.39
8/5/2009,12.33
8/6/2009,12.14
8/7/2009,11.89
8/10/2009,12.06
8/11/2009,12.13
8/12/2009,12.13
8/13/2009,11.7
8/14/2009,11.16
8/17/2009,11.7
8/18/2009,11.43
8/19/2009,11.75
8/20/2009,11.1
8/21/2009,11.41
8/24/2009,10.63
8/25/2009,10.55
8/26/2009,10.5
8/27/2009,10.5
8/28/2009,10.57
8/31/2009,10.46
9/1/2009,10.65
9/2/2009,10.87
9/3/2009,10.61
9/4/2009,10.27
9/7/2009,.
9/8/2009,10.19
9/9/2009,11.5
9/10/2009,11.39
9/11/2009,11.29
9/14/2009,11.26
9/15/2009,10.88
9/16/2009,10.81
9/17/2009,10.82
9/18/2009,10.64
9/21/2009,10.59
9/22/2009,10.14
9/23/2009,10.31
9/24/2009,10.06
9/25/2009,10.12
9/28/2009,11.18
9/29/2009,11.29
9/30/2009,11.24
10/1/2009,11.19
10/2/2009,11.14
10/5/2009,10.89
10/6/2009,10.85
10/7/2009,10.73
10/8/2009,10.58
10/9/2009,10.64
10/12/2009,10.23
10/13/2009,10.85
10/14/2009,11.28
10/15/2009,10.93
10/16/2009,10.72
10/19/2009,11.29
10/20/2009,11.11
10/21/2009,10.91
10/22/2009,10.86
10/23/2009,10.54
10/26/2009,10.99
10/27/2009,11.74
10/28/2009,12.18
10/29/2009,11.5
10/30/2009,12.3
11/2/2009,12.6
11/3/2009,13.29
11/4/2009,12.67
11/5/2009,12.14
11/6/2009,11.6
11/9/2009,11.7
11/10/2009,11.52
11/11/2009,11.6
11/12/2009,11.56
11/13/2009,11.03
11/16/2009,11.05
11/17/2009,10.99
11/18/2009,11.14
11/19/2009,11.67
11/20/2009,11.44
11/23/2009,11.5
11/24/2009,11.22
11/25/2009,11.58
11/26/2009,.
11/27/2009,12.55
11/30/2009,12.35
12/1/2009,11.88
12/2/2009,11.47
12/3/2009,11.18
12/4/2009,11.33
12/7/2009,11.36
12/8/2009,11.75
12/9/2009,11.62
12/10/2009,10.87
12/11/2009,10.38
12/14/2009,10.5
12/15/2009,10.97
12/16/2009,10.97
12/17/2009,11.58
12/18/2009,11.44
12/21/2009,10.79
12/22/2009,11.3
12/23/2009,10.94
12/24/2009,10.54
12/25/2009,.
12/28/2009,11.75
12/29/2009,11.75
12/30/2009,11.56
12/31/2009,11.64
1/1/2010,.
1/4/2010,11.79
1/5/2010,11.27
1/6/2010,11.11
1/7/2010,11.64
1/8/2010,10.62
1/11/2010,9.78
1/12/2010,9.92
1/13/2010,9.86
1/14/2010,9.81
1/15/2010,10.3
1/18/2010,.
1/19/2010,10.45
1/20/2010,11.41
1/21/2010,11.06
1/22/2010,11.12
1/25/2010,11.25
1/26/2010,11.65
1/27/2010,11.55
1/28/2010,11.38
1/29/2010,11.49
2/1/2010,11.45
2/2/2010,11.16
2/3/2010,11.32
2/4/2010,12.48
2/5/2010,13.51
2/8/2010,13.01
2/9/2010,12.85
2/10/2010,12.75
2/11/2010,12.48
2/12/2010,12.51
2/15/2010,.
2/16/2010,11.72
2/17/2010,12.26
2/18/2010,12.04
2/19/2010,12.13
2/22/2010,11.38
2/23/2010,11.65
2/24/2010,11.54
2/25/2010,11.74
2/26/2010,11.56
3/1/2010,11.68
3/2/2010,11.72
3/3/2010,11.5
3/4/2010,11.57
3/5/2010,11.15
3/8/2010,11.01
3/9/2010,11.03
3/10/2010,10.59
3/11/2010,10.27
3/12/2010,9.95
3/15/2010,10.09
3/16/2010,9.93
3/17/2010,9.77
3/18/2010,9.95
3/19/2010,10.33
3/22/2010,10.24
3/23/2010,10.16
3/24/2010,10.66
3/25/2010,11.91
3/26/2010,11.43
3/29/2010,11.35
3/30/2010,11.24
3/31/2010,11.02
4/1/2010,10.62
4/2/2010,.
4/5/2010,10.83
4/6/2010,10.97
4/7/2010,10.94
4/8/2010,10.78
4/9/2010,10.9
4/12/2010,10.31
4/13/2010,9.93
4/14/2010,9.86
4/15/2010,10.27
4/16/2010,10.9
4/19/2010,10.69
4/20/2010,10.45
4/21/2010,10.42
4/22/2010,11.39
4/23/2010,11.67
4/26/2010,11.73
4/27/2010,11.73
4/28/2010,13.57
4/29/2010,12.62
4/30/2010,12.38
5/3/2010,12.59
5/4/2010,13.72
5/5/2010,15.02
5/6/2010,18.31
5/7/2010,17.48
5/10/2010,16.87
5/11/2010,16.54
5/12/2010,15.06
5/13/2010,14.74
5/14/2010,17.14
5/17/2010,17.14
5/18/2010,17.62
5/19/2010,18.7
5/20/2010,21.23
5/21/2010,18.69
5/24/2010,16.1
5/25/2010,16.64
5/26/2010,17.88
5/27/2010,17.92
5/28/2010,17.53
5/31/2010,.
6/1/2010,17.91
6/2/2010,17.61
6/3/2010,17.38
6/4/2010,18.18
6/7/2010,18.45
6/8/2010,18.13
6/9/2010,17.04
6/10/2010,16.13
6/11/2010,15.47
6/14/2010,14.75
6/15/2010,14.87
6/16/2010,15.1
6/17/2010,14.97
6/18/2010,14.11
6/21/2010,14.19
6/22/2010,14.29
6/23/2010,14.29
6/24/2010,14.32
6/25/2010,14.37
6/28/2010,14.59
6/29/2010,15.2
6/30/2010,15.02
7/1/2010,15.04
7/2/2010,14.58
7/5/2010,.
7/6/2010,13.71
7/7/2010,13.74
7/8/2010,13.46
7/9/2010,13.05
7/12/2010,12.81
7/13/2010,12.7
7/14/2010,12.93
7/15/2010,12.73
7/16/2010,13.46
7/19/2010,14.06
7/20/2010,13.97
7/21/2010,13.88
7/22/2010,13.83
7/23/2010,13.39
7/26/2010,12.68
7/27/2010,12.45
7/28/2010,11.85
7/29/2010,11.95
7/30/2010,11.8
8/2/2010,11.92
8/3/2010,11.8
8/4/2010,12.15
8/5/2010,12.2
8/6/2010,11.67
8/9/2010,12.07
8/10/2010,11.88
8/11/2010,13.33
8/12/2010,13.4
8/13/2010,13.46
8/16/2010,13.31
8/17/2010,13.07
8/18/2010,12.64
8/19/2010,12.79
8/20/2010,13.21
8/23/2010,13.25
8/24/2010,13.25
8/25/2010,13.39
8/26/2010,13.24
8/27/2010,12.89
8/30/2010,13.16
8/31/2010,13.18
9/1/2010,12.91
9/2/2010,12.56
9/3/2010,11.69
9/6/2010,.
9/7/2010,12.66
9/8/2010,12.24
9/9/2010,12.02
9/10/2010,11.67
9/13/2010,11.3
9/14/2010,12.04
9/15/2010,11.94
9/16/2010,11.83
9/17/2010,12.07
9/20/2010,12.24
9/21/2010,12.35
9/22/2010,12.65
9/23/2010,13.04
9/24/2010,13.2
9/27/2010,13.3
9/28/2010,13.89
9/29/2010,13.7
9/30/2010,13.48
10/1/2010,13.31
10/4/2010,13.48
10/5/2010,13.63
10/6/2010,14.26
10/7/2010,14.82
10/8/2010,14.38
10/11/2010,13.76
10/12/2010,14.08
10/13/2010,13.78
10/14/2010,14.11
10/15/2010,14.09
10/18/2010,14.42
10/19/2010,14.97
10/20/2010,14.61
10/21/2010,14.56
10/22/2010,14.5
10/25/2010,14.43
10/26/2010,14.94
10/27/2010,14.99
10/28/2010,14.82
10/29/2010,15.22
11/1/2010,15.63
11/2/2010,15.09
11/3/2010,14.04
11/4/2010,13.71
11/5/2010,14.07
11/8/2010,15.23
11/9/2010,15.19
11/10/2010,15.25
11/11/2010,15.29
11/12/2010,14.99
11/15/2010,15.32
11/16/2010,15.38
11/17/2010,14.48
11/18/2010,13.99
11/19/2010,13.68
11/22/2010,14.05
11/23/2010,15.02
11/24/2010,14.91
11/25/2010,.
11/26/2010,15.06
11/29/2010,16.15
11/30/2010,16.49
12/1/2010,15.87
12/2/2010,14.81
12/3/2010,13.56
12/6/2010,14.66
12/7/2010,14.27
12/8/2010,14.37
12/9/2010,13.82
12/10/2010,13.38
12/13/2010,12.49
12/14/2010,12.39
12/15/2010,13.17
12/16/2010,13.7
12/17/2010,13.56
12/20/2010,13.89
12/21/2010,13.86
12/22/2010,13.49
12/23/2010,13.73
12/24/2010,.
12/27/2010,14.07
12/28/2010,14.19
12/29/2010,13.88
12/30/2010,14.1
12/31/2010,14.3
1/3/2011,14.74
1/4/2011,14.11
1/5/2011,14.18
1/6/2011,14.6
1/7/2011,14.01
1/10/2011,14
1/11/2011,13.54
1/12/2011,13.27
1/13/2011,13.52
1/14/2011,13.48
1/17/2011,.
1/18/2011,13.47
1/19/2011,13.52
1/20/2011,13.63
1/21/2011,12.88
1/24/2011,12.76
1/25/2011,12.69
1/26/2011,12.11
1/27/2011,12.24
1/28/2011,12.87
1/31/2011,13.2
2/1/2011,12.73
2/2/2011,12.73
2/3/2011,12.98
2/4/2011,12.32
2/7/2011,12.45
2/8/2011,11.73
2/9/2011,11.81
2/10/2011,11.95
2/11/2011,12
2/14/2011,12.08
2/15/2011,12.05
2/16/2011,11.46
2/17/2011,11.36
2/18/2011,11.27
2/21/2011,.
2/22/2011,11.82
2/23/2011,11.82
2/24/2011,12.09
2/25/2011,11.46
2/28/2011,11.55
3/1/2011,11.35
3/2/2011,11.49
3/3/2011,11.27
3/4/2011,10.56
3/7/2011,10.75
3/8/2011,11.05
3/9/2011,10.91
3/10/2011,11.29
3/11/2011,11.2
3/14/2011,11.24
3/15/2011,11.59
3/16/2011,12.43
3/17/2011,12.34
3/18/2011,11.32
3/21/2011,11.3
3/22/2011,11.13
3/23/2011,11.72
3/24/2011,11.4
3/25/2011,11.55
3/28/2011,11.63
3/29/2011,11.32
3/30/2011,11.27
3/31/2011,11.07
4/1/2011,10.64
4/4/2011,10.7
4/5/2011,10.45
4/6/2011,10.81
4/7/2011,10.6
4/8/2011,10.57
4/11/2011,10.19
4/12/2011,10.22
4/13/2011,10.17
4/14/2011,10.36
4/15/2011,10.36
4/18/2011,11.22
4/19/2011,10.96
4/20/2011,10.83
4/21/2011,11.6
4/22/2011,.
4/25/2011,12.2
4/26/2011,12.05
4/27/2011,11.7
4/28/2011,11.83
4/29/2011,11.79
5/2/2011,12.25
5/3/2011,12.54
5/4/2011,12.62
5/5/2011,13.55
5/6/2011,14.52
5/9/2011,14.02
5/10/2011,13.3
5/11/2011,13.65
5/12/2011,13.73
5/13/2011,14.21
5/16/2011,14.15
5/17/2011,13.87
5/18/2011,13.62
5/19/2011,13.09
5/20/2011,13.25
5/23/2011,13.91
5/24/2011,13.49
5/25/2011,13.88
5/26/2011,13.96
5/27/2011,13.66
5/30/2011,.
5/31/2011,13.4
6/1/2011,13.07
6/2/2011,12.81
6/3/2011,12.51
6/6/2011,12.45
6/7/2011,11.97
6/8/2011,12.71
6/9/2011,12.51
6/10/2011,12.76
6/13/2011,13.03
6/14/2011,12.88
6/15/2011,15.77
6/16/2011,15.23
6/17/2011,14.32
6/20/2011,14.67
6/21/2011,14.1
6/22/2011,13.7
6/23/2011,14.41
6/24/2011,14.83
6/27/2011,14.97
6/28/2011,14.7
6/29/2011,13.9
6/30/2011,13.13
7/1/2011,12.72
7/4/2011,.
7/5/2011,13.18
7/6/2011,13.33
7/7/2011,12.52
7/8/2011,12.86
7/11/2011,14.94
7/12/2011,15.34
7/13/2011,14.44
7/14/2011,14.64
7/15/2011,14.53
7/18/2011,15.18
7/19/2011,15.32
7/20/2011,14.85
7/21/2011,13.86
7/22/2011,12.84
7/25/2011,12.79
7/26/2011,12.89
7/27/2011,13.54
7/28/2011,13.61
7/29/2011,13.92
8/1/2011,14.51
8/2/2011,14.66
8/3/2011,14.26
8/4/2011,15.39
8/5/2011,15.2
8/8/2011,16.53
8/9/2011,16.65
8/10/2011,16.72
8/11/2011,16.43
8/12/2011,15.16
8/15/2011,14.45
8/16/2011,14.47
8/17/2011,14.54
8/18/2011,15.66
8/19/2011,15.47
8/22/2011,15.29
8/23/2011,15.04
8/24/2011,14.94
8/25/2011,15.09
8/26/2011,14.41
8/29/2011,14.15
8/30/2011,13.98
8/31/2011,13.51
9/1/2011,13.91
9/2/2011,14.63
9/5/2011,.
9/6/2011,17.18
9/7/2011,16.21
9/8/2011,16.4
9/9/2011,17.99
9/12/2011,18.64
9/13/2011,17.1
9/14/2011,17.06
9/15/2011,16.24
9/16/2011,16.65
9/19/2011,17.8
9/20/2011,18.21
9/21/2011,18.21
9/22/2011,19.24
9/23/2011,19.55
9/26/2011,19.87
9/27/2011,18.97
9/28/2011,18.59
9/29/2011,18.09
9/30/2011,17.86
10/3/2011,18.93
10/4/2011,19.07
10/5/2011,18.5
10/6/2011,17.33
10/7/2011,16.75
10/10/2011,16.47
10/11/2011,16.55
10/12/2011,15.9
10/13/2011,16.03
10/14/2011,15.72
10/17/2011,16.42
10/18/2011,16.75
10/19/2011,16.68
10/20/2011,18.09
10/21/2011,17.65
10/24/2011,17.44
10/25/2011,17.14
10/26/2011,17.26
10/27/2011,15.47
10/28/2011,15.04
10/31/2011,16.37
11/1/2011,18.15
11/2/2011,17.72
11/3/2011,17.92
11/4/2011,16.68
11/7/2011,17.2
11/8/2011,16.43
11/9/2011,18.16
11/10/2011,18.08
11/11/2011,16.97
11/14/2011,17.4
11/15/2011,17.53
11/16/2011,17.57
11/17/2011,17.24
11/18/2011,16.7
11/21/2011,17.49
11/22/2011,16.88
11/23/2011,17.83
11/24/2011,.
11/25/2011,15.58
11/28/2011,17.49
11/29/2011,17.27
11/30/2011,16.94
12/1/2011,16.27
12/2/2011,15.83
12/5/2011,16.11
12/6/2011,15.61
12/7/2011,15.76
12/8/2011,16.3
12/9/2011,15.86
12/12/2011,15.27
12/13/2011,15.29
12/14/2011,15.93
12/15/2011,14.74
12/16/2011,13.07
12/19/2011,13.61
12/20/2011,13.52
12/21/2011,13.63
12/22/2011,13.44
12/23/2011,13.03
12/26/2011,.
12/27/2011,13.69
12/28/2011,13.97
12/29/2011,14.85
12/30/2011,14.67
1/2/2012,.
1/3/2012,14.49
1/4/2012,14.14
1/5/2012,14.2
1/6/2012,13.66
1/9/2012,13.19
1/10/2012,12.61
1/11/2012,13.12
1/12/2012,12.77
1/13/2012,13.31
1/16/2012,.
1/17/2012,13.15
1/18/2012,12.79
1/19/2012,12.66
1/20/2012,12.41
1/23/2012,12.57
1/24/2012,12.81
1/25/2012,13.12
1/26/2012,12.72
1/27/2012,13.01
1/30/2012,13.57
1/31/2012,13.48
2/1/2012,12.87
2/2/2012,12.68
2/3/2012,12.55
2/6/2012,13.1
2/7/2012,12.93
2/8/2012,12.45
2/9/2012,11.96
2/10/2012,12.54
2/13/2012,12.14
2/14/2012,12.57
2/15/2012,13.25
2/16/2012,13.07
2/17/2012,12.67
2/20/2012,.
2/21/2012,11.82
2/22/2012,11.73
2/23/2012,11.25
2/24/2012,11.27
2/27/2012,11.71
2/28/2012,11.52
2/29/2012,11.85
3/1/2012,11.6
3/2/2012,11.55
3/5/2012,11.63
3/6/2012,11.93
3/7/2012,11.59
3/8/2012,11.23
3/9/2012,10.94
3/12/2012,10.34
3/13/2012,10.2
3/14/2012,10.59
3/15/2012,10.19
3/16/2012,9.52
3/19/2012,9.95
3/20/2012,9.97
3/21/2012,9.92
3/22/2012,10.14
3/23/2012,9.84
3/26/2012,9.89
3/27/2012,9.77
3/28/2012,9.81
3/29/2012,9.96
3/30/2012,9.69
4/2/2012,9.82
4/3/2012,9.9
4/4/2012,10.6
4/5/2012,10.85
4/6/2012,.
4/9/2012,10.83
4/10/2012,11.11
4/11/2012,10.88
4/12/2012,10.16
4/13/2012,10.39
4/16/2012,10.84
4/17/2012,10.42
4/18/2012,10.25
4/19/2012,10.2
4/20/2012,9.88
4/23/2012,10.25
4/24/2012,10.06
4/25/2012,9.72
4/26/2012,9.4
4/27/2012,9.26
4/30/2012,9.64
5/1/2012,9.68
5/2/2012,10.27
5/3/2012,9.89
5/4/2012,9.97
5/7/2012,10.23
5/8/2012,10.62
5/9/2012,11.19
5/10/2012,10.63
5/11/2012,10.36
5/14/2012,11.27
5/15/2012,11.72
5/16/2012,11.99
5/17/2012,12.13
5/18/2012,12.84
5/21/2012,12.09
5/22/2012,11.75
5/23/2012,13.24
5/24/2012,13.43
5/25/2012,13.25
5/28/2012,.
5/29/2012,12.99
5/30/2012,13.98
5/31/2012,13.98
6/1/2012,13.97
6/4/2012,14.24
6/5/2012,14.25
6/6/2012,13.56
6/7/2012,12.96
6/8/2012,13.34
6/11/2012,13.59
6/12/2012,13.59
6/13/2012,13.56
6/14/2012,13.93
6/15/2012,13.63
6/18/2012,12.53
6/19/2012,11.78
6/20/2012,11.28
6/21/2012,11.7
6/22/2012,11.36
6/25/2012,11.58
6/26/2012,11.47
6/27/2012,11.4
6/28/2012,11.67
6/29/2012,10.64
7/2/2012,10.92
7/3/2012,10.93
7/4/2012,.
7/5/2012,10.85
7/6/2012,11.08
7/9/2012,10.96
7/10/2012,10.87
7/11/2012,10.76
7/12/2012,11.04
7/13/2012,10.28
7/16/2012,10.25
7/17/2012,10.15
7/18/2012,9.8
7/19/2012,9.92
7/20/2012,10.16
7/23/2012,11.42
7/24/2012,11.87
7/25/2012,11.65
7/26/2012,11.07
7/27/2012,11.12
7/30/2012,11.6
7/31/2012,11.66
8/1/2012,11.89
8/2/2012,11.43
8/3/2012,10.12
8/6/2012,10.19
8/7/2012,9.8
8/8/2012,9.98
8/9/2012,9.94
8/10/2012,9.64
8/13/2012,9.27
8/14/2012,9.24
8/15/2012,9.56
8/16/2012,9.46
8/17/2012,9.32
8/20/2012,9.67
8/21/2012,9.6
8/22/2012,9.66
8/23/2012,9.73
8/24/2012,9.88
8/27/2012,9.92
8/28/2012,10.39
8/29/2012,10.83
8/30/2012,10.97
8/31/2012,10.8
9/3/2012,.
9/4/2012,10.7
9/5/2012,10.68
9/6/2012,10
9/7/2012,9.07
9/10/2012,9.25
9/11/2012,9.5
9/12/2012,9.26
9/13/2012,9.15
9/14/2012,9.62
9/17/2012,9.58
9/18/2012,9.52
9/19/2012,9.1
9/20/2012,9.29
9/21/2012,9.29
9/24/2012,9.5
9/25/2012,9.48
9/26/2012,9.75
9/27/2012,9.47
9/28/2012,9.56
10/1/2012,9.58
10/2/2012,9.47
10/3/2012,9.45
10/4/2012,9.54
10/5/2012,9.03
10/8/2012,9.35
10/9/2012,9.34
10/10/2012,9.1
10/11/2012,8.9
10/12/2012,8.84
10/15/2012,8.95
10/16/2012,8.99
10/17/2012,9.03
10/18/2012,8.91
10/19/2012,8.95
10/22/2012,8.95
10/23/2012,9.11
10/24/2012,9.03
10/25/2012,8.81
10/26/2012,8.71
10/29/2012,.
10/30/2012,.
10/31/2012,8.55
11/1/2012,8.5
11/2/2012,8.45
11/5/2012,8.71
11/6/2012,8.64
11/7/2012,8.67
11/8/2012,8.45
11/9/2012,8.35
11/12/2012,8.35
11/13/2012,8.13
11/14/2012,7.59
11/15/2012,7.45
11/16/2012,7.42
11/19/2012,7.41
11/20/2012,7.19
11/21/2012,7.22
11/22/2012,.
11/23/2012,7.22
11/26/2012,7.66
11/27/2012,7.78
11/28/2012,7.77
11/29/2012,7.77
11/30/2012,7.85
12/3/2012,7.91
12/4/2012,8.02
12/5/2012,7.84
12/6/2012,7.83
12/7/2012,7.84
12/10/2012,7.68
12/11/2012,7.58
12/12/2012,7.49
12/13/2012,7.42
12/14/2012,7.19
12/17/2012,7.01
12/18/2012,6.99
12/19/2012,7.43
12/20/2012,7.74
12/21/2012,8.22
12/24/2012,8.22
12/25/2012,.
12/26/2012,8.67
12/27/2012,8.74
12/28/2012,8.78
12/31/2012,8.97
1/1/2013,.
1/2/2013,8.12
1/3/2013,8.09
1/4/2013,7.76
1/7/2013,7.68
1/8/2013,7.51
1/9/2013,7.73
1/10/2013,7.64
1/11/2013,8.06
1/14/2013,8.19
1/15/2013,8.62
1/16/2013,8.56
1/17/2013,9.19
1/18/2013,9.19
1/21/2013,.
1/22/2013,8.57
1/23/2013,8.41
1/24/2013,8.59
1/25/2013,8.28
1/28/2013,8.23
1/29/2013,8.17
1/30/2013,8.39
1/31/2013,8.2
2/1/2013,8.51
2/4/2013,9.28
2/5/2013,9.33
2/6/2013,9.69
2/7/2013,9.11
2/8/2013,8.67
2/11/2013,8.67
2/12/2013,8.74
2/13/2013,8.59
2/14/2013,8.87
2/15/2013,8.83
2/18/2013,.
2/19/2013,8.98
2/20/2013,9.09
2/21/2013,9.56
2/22/2013,9.6
2/25/2013,11.1
2/26/2013,10.43
2/27/2013,9.84
2/28/2013,9.72
3/1/2013,9.71
3/4/2013,9.53
3/5/2013,9.08
3/6/2013,8.9
3/7/2013,8.56
3/8/2013,8.5
3/11/2013,8.46
3/12/2013,8.33
3/13/2013,8.64
3/14/2013,8.52
3/15/2013,8.39
3/18/2013,9.4
3/19/2013,10.16
3/20/2013,9.5
3/21/2013,9.97
3/22/2013,10.43
3/25/2013,9.99
3/26/2013,9.82
3/27/2013,9.92
3/28/2013,9.36
3/29/2013,.
4/1/2013,9.67
4/2/2013,9.45
4/3/2013,9.24
4/4/2013,8.88
4/5/2013,8.43
4/8/2013,8.54
4/9/2013,8.52
4/10/2013,8.62
4/11/2013,8.46
4/12/2013,8.52
4/15/2013,9.01
4/16/2013,8.69
4/17/2013,9.2
4/18/2013,9.13
4/19/2013,8.96
4/22/2013,9.19
4/23/2013,9.05
4/24/2013,8.79
4/25/2013,8.79
4/26/2013,8.84
4/29/2013,8.67
4/30/2013,8.68
5/1/2013,8.73
5/2/2013,8.75
5/3/2013,7.99
5/6/2013,8.29
5/7/2013,8.21
5/8/2013,8.12
5/9/2013,8.48
5/10/2013,8.74
5/13/2013,8.58
5/14/2013,8.65
5/15/2013,9.13
5/16/2013,8.87
5/17/2013,9
5/20/2013,8.97
5/21/2013,9.06
5/22/2013,9.18
5/23/2013,9.17
5/24/2013,9.03
5/27/2013,.
5/28/2013,9.27
5/29/2013,9.4
5/30/2013,9.34
5/31/2013,9.45
6/3/2013,9.67
6/4/2013,9.37
6/5/2013,9.09
6/6/2013,9.06
6/7/2013,8.54
6/10/2013,8.82
6/11/2013,8.87
6/12/2013,8.99
6/13/2013,9.16
6/14/2013,8.77
6/17/2013,8.72
6/18/2013,8.89
6/19/2013,8.86
6/20/2013,9.61
6/21/2013,9.52
6/24/2013,10.03
6/25/2013,9.64
6/26/2013,9.94
6/27/2013,9.49
6/28/2013,9.41
7/1/2013,9.33
7/2/2013,9.6
7/3/2013,9.67
7/4/2013,.
7/5/2013,9.08
7/8/2013,8.88
7/9/2013,9.15
7/10/2013,9.15
7/11/2013,9.71
7/12/2013,9.38
7/15/2013,9.69
7/16/2013,9.38
7/17/2013,8.76
7/18/2013,8.62
7/19/2013,8.45
7/22/2013,8.08
7/23/2013,8.14
7/24/2013,8.55
7/25/2013,8.51
7/26/2013,8.29
7/29/2013,8.77
7/30/2013,9.12
7/31/2013,8.92
8/1/2013,8.74
8/2/2013,8.13
8/5/2013,8.18
8/6/2013,8.05
8/7/2013,8.03
8/8/2013,7.74
8/9/2013,7.59
8/12/2013,7.56
8/13/2013,7.84
8/14/2013,7.67
8/15/2013,7.87
8/16/2013,7.69
8/19/2013,7.94
8/20/2013,8.13
8/21/2013,8.33
8/22/2013,8.22
8/23/2013,8.14
8/26/2013,8.38
8/27/2013,8.53
8/28/2013,8.63
8/29/2013,8.9
8/30/2013,8.92
9/2/2013,.
9/3/2013,9
9/4/2013,8.63
9/5/2013,8.67
9/6/2013,8.07
9/9/2013,8.06
9/10/2013,7.82
9/11/2013,7.78
9/12/2013,7.73
9/13/2013,7.8
9/16/2013,7.85
9/17/2013,7.83
9/18/2013,7.17
9/19/2013,7.48
9/20/2013,7.72
9/23/2013,7.62
9/24/2013,7.6
9/25/2013,7.53
9/26/2013,7.39
9/27/2013,7.51
9/30/2013,7.95
10/1/2013,8.09
10/2/2013,7.88
10/3/2013,7.89
10/4/2013,7.83
10/7/2013,8.04
10/8/2013,8.05
10/9/2013,8.08
10/10/2013,7.53
10/11/2013,7.32
10/14/2013,7.42
10/15/2013,7.41
10/16/2013,7.62
10/17/2013,7.43
10/18/2013,7.41
10/21/2013,7.44
10/22/2013,7.39
10/23/2013,7.41
10/24/2013,7.4
10/25/2013,7.47
10/28/2013,7.59
10/29/2013,7.74
10/30/2013,7.67
10/31/2013,8.12
11/1/2013,8.36
11/4/2013,8.33
11/5/2013,8.61
11/6/2013,8.59
11/7/2013,8.24
11/8/2013,7.82
11/11/2013,7.81
11/12/2013,7.84
11/13/2013,7.65
11/14/2013,7.47
11/15/2013,7.2
11/18/2013,7.11
11/19/2013,7.25
11/20/2013,7.66
11/21/2013,7.52
11/22/2013,7.45
11/25/2013,7.76
11/26/2013,7.64
11/27/2013,7.89
11/28/2013,.
11/29/2013,7.82
12/2/2013,8.08
12/3/2013,8.13
12/4/2013,8.13
12/5/2013,7.84
12/6/2013,7.33
12/9/2013,7.43
12/10/2013,7.42
12/11/2013,7.47
12/12/2013,7.72
12/13/2013,7.7
12/16/2013,7.67
12/17/2013,7.6
12/18/2013,7.35
12/19/2013,7.09
12/20/2013,7.29
12/23/2013,7.37
12/24/2013,7.34
12/25/2013,.
12/26/2013,7.61
12/27/2013,8.05
12/30/2013,8.21
12/31/2013,8.17
1/1/2014,.
1/2/2014,8.44
1/3/2014,8.05
1/6/2014,7.45
1/7/2014,7.27
1/8/2014,7.37
1/9/2014,7
1/10/2014,6.6
1/13/2014,6.3
1/14/2014,6.29
1/15/2014,6.47
1/16/2014,6.53
1/17/2014,6.78
1/20/2014,.
1/21/2014,7.01
1/22/2014,6.84
1/23/2014,6.91
1/24/2014,7.07
1/27/2014,7.2
1/28/2014,7.19
1/29/2014,7.25
1/30/2014,7.65
1/31/2014,7.9
2/3/2014,8
2/4/2014,7.92
2/5/2014,7.78
2/6/2014,7.35
2/7/2014,6.93
2/10/2014,6.98
2/11/2014,7.07
2/12/2014,7.12
2/13/2014,6.98
2/14/2014,6.77
2/17/2014,.
2/18/2014,6.83
2/19/2014,6.8
2/20/2014,6.86
2/21/2014,6.69
2/24/2014,6.84
2/25/2014,7.01
2/26/2014,7.11
2/27/2014,7.3
2/28/2014,7.05
3/3/2014,7.54
3/4/2014,7.42
3/5/2014,7.34
3/6/2014,6.95
3/7/2014,6.69
3/10/2014,6.67
3/11/2014,6.44
3/12/2014,6.45
3/13/2014,7.02
3/14/2014,7.09
3/17/2014,6.89
3/18/2014,6.77
3/19/2014,6.78
3/20/2014,6.96
3/21/2014,6.61
3/24/2014,6.81
3/25/2014,6.95
3/26/2014,6.95
3/27/2014,7.45
3/28/2014,7.09
3/31/2014,7.11
4/1/2014,6.83
4/2/2014,6.92
4/3/2014,6.63
4/4/2014,6.24
4/7/2014,6.19
4/8/2014,6.11
4/9/2014,5.87
4/10/2014,5.76
4/11/2014,5.89
4/14/2014,6.29
4/15/2014,6.3
4/16/2014,6.05
4/17/2014,5.98
4/18/2014,.
4/21/2014,6.38
4/22/2014,6.16
4/23/2014,6.04
4/24/2014,5.81
4/25/2014,5.8
4/28/2014,6.19
4/29/2014,6.25
4/30/2014,5.9
5/1/2014,5.8
5/2/2014,5.79
5/5/2014,5.84
5/6/2014,5.88
5/7/2014,6.11
5/8/2014,6.02
5/9/2014,6.17
5/12/2014,5.86
5/13/2014,6.29
5/14/2014,6.15
5/15/2014,6.6
5/16/2014,6.27
5/19/2014,6.24
5/20/2014,6.29
5/21/2014,6.59
5/22/2014,6.63
5/23/2014,6.72
5/26/2014,.
5/27/2014,6.83
5/28/2014,6.85
5/29/2014,6.86
5/30/2014,6.64
6/2/2014,6.87
6/3/2014,6.92
6/4/2014,7.45
6/5/2014,6.25
6/6/2014,5.41
6/9/2014,5.65
6/10/2014,5.81
6/11/2014,5.82
6/12/2014,5.68
6/13/2014,5.56
6/16/2014,5.61
6/17/2014,5.6
6/18/2014,5.33
6/19/2014,5.09
6/20/2014,5.27
6/23/2014,5.23
6/24/2014,5.17
6/25/2014,5.08
6/26/2014,5.17
6/27/2014,5.03
6/30/2014,5.03
7/1/2014,4.95
7/2/2014,4.92
7/3/2014,4.69
7/4/2014,.
7/7/2014,4.89
7/8/2014,4.93
7/9/2014,4.94
7/10/2014,5.04
7/11/2014,4.94
7/14/2014,4.73
7/15/2014,4.84
7/16/2014,5.22
7/17/2014,5.13
7/18/2014,5.04
7/21/2014,5.08
7/22/2014,5.46
7/23/2014,5.24
7/24/2014,5.18
7/25/2014,5.04
7/28/2014,5.18
7/29/2014,5.32
7/30/2014,5.5
7/31/2014,5.44
8/1/2014,4.94
8/4/2014,4.89
8/5/2014,5.09
8/6/2014,5.18
8/7/2014,5.27
8/8/2014,5.35
8/11/2014,4.88
8/12/2014,4.86
8/13/2014,5
8/14/2014,4.97
8/15/2014,5.19
8/18/2014,5.11
8/19/2014,5.42
8/20/2014,5.46
8/21/2014,5.54
8/22/2014,5.31
8/25/2014,6.05
8/26/2014,6.2
8/27/2014,6.28
8/28/2014,6.32
8/29/2014,6.07
9/1/2014,.
9/2/2014,6.76
9/3/2014,6.59
9/4/2014,7.03
9/5/2014,6.75
9/8/2014,7.09
9/9/2014,7.85
9/10/2014,8.07
9/11/2014,7.82
9/12/2014,7.77
9/15/2014,8.02
9/16/2014,7.85
9/17/2014,7.22
9/18/2014,7.25
9/19/2014,7.19
9/22/2014,6.89
9/23/2014,6.9
9/24/2014,7.14
9/25/2014,7.59
9/26/2014,7.73
9/29/2014,7.43
9/30/2014,7.56
10/1/2014,7.72
10/2/2014,7.16
10/3/2014,7.61
10/6/2014,7.76
10/7/2014,8.06
10/8/2014,7.43
10/9/2014,7.56
10/10/2014,7.79
10/13/2014,7.32
10/14/2014,7.49
10/15/2014,8.43
10/16/2014,8.82
10/17/2014,8.5
10/20/2014,8.13
10/21/2014,8.27
10/22/2014,8.13
10/23/2014,7.98
10/24/2014,7.86
10/27/2014,7.75
10/28/2014,7.25
10/29/2014,7.42
10/30/2014,7.64
10/31/2014,8.21
11/3/2014,8.85
11/4/2014,8.95
11/5/2014,9.37
11/6/2014,9.35
11/7/2014,8.32
11/10/2014,8.28
11/11/2014,8.39
11/12/2014,8.64
11/13/2014,8.44
11/14/2014,8.67
11/17/2014,8.86
11/18/2014,8.65
11/19/2014,8.3
11/20/2014,8.55
11/21/2014,9.24
11/24/2014,9.25
11/25/2014,9.16
11/26/2014,9
11/27/2014,.
11/28/2014,9.02
12/1/2014,9.24
12/2/2014,9.86
12/3/2014,10.06
12/4/2014,8.87
12/5/2014,8.72
12/8/2014,8.74
12/9/2014,9.04
12/10/2014,9.16
12/11/2014,9.35
12/12/2014,9.2
12/15/2014,8.99
12/16/2014,9.24
12/17/2014,9.2
12/18/2014,9.85
12/19/2014,9.19
12/22/2014,9.63
12/23/2014,9.71
12/24/2014,9.49
12/25/2014,.
12/26/2014,9.66
12/29/2014,9.99
12/30/2014,9.74
12/31/2014,9.72
1/1/2015,.
1/2/2015,9.83
1/5/2015,10.01
1/6/2015,10.02
1/7/2015,10.44
1/8/2015,10.24
1/9/2015,9.92
1/12/2015,10.29
1/13/2015,10.36
1/14/2015,10.59
1/15/2015,14.14
1/16/2015,14.55
1/19/2015,.
1/20/2015,13.38
1/21/2015,13.64
1/22/2015,11.62
1/23/2015,11.62
1/26/2015,13.61
1/27/2015,13.5
1/28/2015,13.04
1/29/2015,12.57
1/30/2015,12.68
2/2/2015,12.62
2/3/2015,12.2
2/4/2015,12.48
2/5/2015,12.55
2/6/2015,12.42
2/9/2015,13.51
2/10/2015,13.19
2/11/2015,13.07
2/12/2015,12.46
2/13/2015,11.61
2/16/2015,.
2/17/2015,11.95
2/18/2015,11.6
2/19/2015,11.93
2/20/2015,11.6
2/23/2015,11.15
2/24/2015,10.2
2/25/2015,8.97
2/26/2015,10.19
2/27/2015,10.25
3/2/2015,10.38
3/3/2015,10.29
3/4/2015,11.01
3/5/2015,10.77
3/6/2015,10.95
3/9/2015,10.96
3/10/2015,12.46
3/11/2015,14.09
3/12/2015,13.53
3/13/2015,14.23
3/16/2015,13.9
3/17/2015,13.99
3/18/2015,12.95
3/19/2015,13.54
3/20/2015,13.32
3/23/2015,14.05
3/24/2015,13.08
3/25/2015,12.41
3/26/2015,13.19
3/27/2015,13.33
3/30/2015,14.07
3/31/2015,13.78
4/1/2015,13.29
4/2/2015,13.58
4/3/2015,.
4/6/2015,12.32
4/7/2015,12
4/8/2015,11.57
4/9/2015,12.25
4/10/2015,12.14
4/13/2015,12.68
4/14/2015,12.28
4/15/2015,12.47
4/16/2015,13.09
4/17/2015,12.92
4/20/2015,13.23
4/21/2015,13.19
4/22/2015,13.03
4/23/2015,13
4/24/2015,12.93
4/27/2015,13
4/28/2015,12.15
4/29/2015,12.44
4/30/2015,13.52
5/1/2015,13.89
5/4/2015,14.03
5/5/2015,13.57
5/6/2015,13.76
5/7/2015,13.59
5/8/2015,11.77
5/11/2015,12.4
5/12/2015,12.31
5/13/2015,11.84
5/14/2015,12.39
5/15/2015,12.11
5/18/2015,12.36
5/19/2015,13.48
5/20/2015,13.26
5/21/2015,12.79
5/22/2015,13.29
5/25/2015,.
5/26/2015,13.95
5/27/2015,13.35
5/28/2015,13.32
5/29/2015,12.88
6/1/2015,13.71
6/2/2015,13.56
6/3/2015,13.42
6/4/2015,13.98
6/5/2015,14.22
6/8/2015,14.57
6/9/2015,14.44
6/10/2015,14.84
6/11/2015,14.3
6/12/2015,14.84
6/15/2015,15.05
6/16/2015,14.39
6/17/2015,12.93
6/18/2015,12.78
6/19/2015,13.72
6/22/2015,12.81
6/23/2015,12.85
6/24/2015,12.32
6/25/2015,12.39
6/26/2015,13.05
6/29/2015,14.31
6/30/2015,14.1
7/1/2015,13.36
7/2/2015,12.9
7/3/2015,.
7/6/2015,13.47
7/7/2015,13.89
7/8/2015,14.23
7/9/2015,13.9
7/10/2015,12.81
7/13/2015,12.33
7/14/2015,12.17
7/15/2015,11.46
7/16/2015,11.26
7/17/2015,10.52
7/20/2015,10.42
7/21/2015,10.54
7/22/2015,10.9
7/23/2015,11.06
7/24/2015,11.02
7/27/2015,11.3
7/28/2015,11.07
7/29/2015,10.55
7/30/2015,10.9
7/31/2015,10.94
8/3/2015,11.01
8/4/2015,10.97
8/5/2015,11.54
8/6/2015,11.16
8/7/2015,10.57
8/10/2015,10.43
8/11/2015,11
8/12/2015,10.99
8/13/2015,10.61
8/14/2015,10.11
8/17/2015,10.46
8/18/2015,10.83
8/19/2015,10.63
8/20/2015,10.49
8/21/2015,11.18
8/24/2015,12.98
8/25/2015,12.77
8/26/2015,13.54
8/27/2015,13.17
8/28/2015,12.68
8/31/2015,13.41
9/1/2015,13.47
9/2/2015,12.88
9/3/2015,12.68
9/4/2015,12.43
9/7/2015,.
9/8/2015,12.2
9/9/2015,11.96
9/10/2015,12.06
9/11/2015,11.99
9/14/2015,11.92
9/15/2015,11.84
9/16/2015,11.89
9/17/2015,11.22
9/18/2015,10.94
9/21/2015,10.97
9/22/2015,11.44
9/23/2015,11.11
9/24/2015,11.01
9/25/2015,11.1
9/28/2015,11.21
9/29/2015,11.17
9/30/2015,10.92
10/1/2015,10.64
10/2/2015,10.11
10/5/2015,10.28
10/6/2015,10.16
10/7/2015,10.02
10/8/2015,9.99
10/9/2015,9.8
10/12/2015,9.38
10/13/2015,9.47
10/14/2015,9.47
10/15/2015,10
10/16/2015,9.76
10/19/2015,9.99
10/20/2015,9.95
10/21/2015,10.05
10/22/2015,10.8
10/23/2015,12.09
10/26/2015,11.51
10/27/2015,10.89
10/28/2015,11.76
10/29/2015,11.42
10/30/2015,11.27
11/2/2015,11.59
11/3/2015,12.22
11/4/2015,13.03
11/5/2015,12.5
11/6/2015,12
11/9/2015,12.31
11/10/2015,12.65
11/11/2015,12.86
11/12/2015,12.86
11/13/2015,12.64
11/16/2015,13.89
11/17/2015,13.86
11/18/2015,13.63
11/19/2015,13.54
11/20/2015,13.48
11/23/2015,13.83
11/24/2015,13.7
11/25/2015,13.81
11/26/2015,.
11/27/2015,13.61
11/30/2015,13.8
12/1/2015,14.07
12/2/2015,14.08
12/3/2015,12.1
12/4/2015,10.99
12/7/2015,10.88
12/8/2015,10.67
12/9/2015,11.07
12/10/2015,10.75
12/11/2015,10.77
12/14/2015,10.76
12/15/2015,10.9
12/16/2015,9.72
12/17/2015,10.29
12/18/2015,9.7
12/21/2015,9.57
12/22/2015,9.67
12/23/2015,9.9
12/24/2015,9.74
12/25/2015,.
12/28/2015,10.16
12/29/2015,10.12
12/30/2015,10.01
12/31/2015,10.07
1/1/2016,.
1/4/2016,10.62
1/5/2016,10.6
1/6/2016,10.5
1/7/2016,10.94
1/8/2016,10.47
1/11/2016,10.32
1/12/2016,10.16
1/13/2016,9.79
1/14/2016,9.87
1/15/2016,10.37
1/18/2016,.
1/19/2016,10.01
1/20/2016,10.39
1/21/2016,9.93
1/22/2016,9.69
1/25/2016,9.92
1/26/2016,9.71
1/27/2016,9.71
1/28/2016,9.89
1/29/2016,10.12
2/1/2016,10.11
2/2/2016,10.16
2/3/2016,11.4
2/4/2016,11.49
2/5/2016,11.19
2/8/2016,12.85
2/9/2016,12.72
2/10/2016,13.21
2/11/2016,13.62
2/12/2016,12.9
2/15/2016,.
2/16/2016,13.13
2/17/2016,12.81
2/18/2016,12.66
2/19/2016,12.88
2/22/2016,12.99
2/23/2016,12.62
2/24/2016,13.17
2/25/2016,12.48
2/26/2016,12.79
2/29/2016,13.05
3/1/2016,12.55
3/2/2016,12.3
3/3/2016,12.39
3/4/2016,12.15
3/7/2016,12.58
3/8/2016,12.14
3/9/2016,12.55
3/10/2016,11.15
3/11/2016,10.32
3/14/2016,9.78
3/15/2016,9.91
3/16/2016,9.37
3/17/2016,9.45
3/18/2016,9.05
3/21/2016,8.95
3/22/2016,8.91
3/23/2016,9.15
3/24/2016,8.98
3/25/2016,.
3/28/2016,9.61
3/29/2016,9.09
3/30/2016,8.98
3/31/2016,9.46
4/1/2016,9.23
4/4/2016,9.38
4/5/2016,9.62
4/6/2016,9.83
4/7/2016,9.9
4/8/2016,9.5
4/11/2016,8.78
4/12/2016,8.83
4/13/2016,8.88
4/14/2016,8.88
4/15/2016,8.59
4/18/2016,8.56
4/19/2016,8.59
4/20/2016,8.69
4/21/2016,8.56
4/22/2016,8.79
4/25/2016,8.84
4/26/2016,8.82
4/27/2016,8.69
4/28/2016,8.69
4/29/2016,9.35
5/2/2016,9.92
5/3/2016,10.14
5/4/2016,10.15
5/5/2016,10.2
5/6/2016,9.52
5/9/2016,9.41
5/10/2016,9.22
5/11/2016,9.01
5/12/2016,9.07
5/13/2016,9.51
5/16/2016,9.14
5/17/2016,9.18
5/18/2016,9.88
5/19/2016,10.01
5/20/2016,9.71
5/23/2016,9.76
5/24/2016,10.03
5/25/2016,9.55
5/26/2016,9.31
5/27/2016,9.65
5/30/2016,.
5/31/2016,10.18
6/1/2016,10.47
6/2/2016,9.72
6/3/2016,9.17
6/6/2016,10.02
6/7/2016,9.93
6/8/2016,10.24
6/9/2016,11.15
6/10/2016,13.31
6/13/2016,13.36
6/14/2016,14.49
6/15/2016,12.78
6/16/2016,13.25
6/17/2016,13.33
6/20/2016,12.21
6/21/2016,12.37
6/22/2016,13.49
6/23/2016,11.9
6/24/2016,12.99
6/27/2016,12.88
6/28/2016,10.93
6/29/2016,10.32
6/30/2016,10.23
7/1/2016,9.91
7/4/2016,.
7/5/2016,10.54
7/6/2016,10.37
7/7/2016,10.1
7/8/2016,9.37
7/11/2016,9.16
7/12/2016,9.34
7/13/2016,8.87
7/14/2016,8.59
7/15/2016,8.58
7/18/2016,8.63
7/19/2016,9.03
7/20/2016,9.06
7/21/2016,8.84
7/22/2016,8.77
7/25/2016,8.62
7/26/2016,8.33
7/27/2016,8.12
7/28/2016,8.19
7/29/2016,8.09
8/1/2016,7.63
8/2/2016,7.92
8/3/2016,7.83
8/4/2016,7.98
8/5/2016,7.68
8/8/2016,7.68
8/9/2016,7.57
8/10/2016,7.49
8/11/2016,7.57
8/12/2016,7.2
8/15/2016,7.15
8/16/2016,7.98
8/17/2016,8.14
8/18/2016,8.24
8/19/2016,8.03
8/22/2016,8.21
8/23/2016,8.25
8/24/2016,8.7
8/25/2016,8.4
8/26/2016,8.59
8/29/2016,8.67
8/30/2016,8.74
8/31/2016,8.8
9/1/2016,8.56
9/2/2016,8.12
9/5/2016,.
9/6/2016,8.1
9/7/2016,7.99
9/8/2016,7.82
9/9/2016,8.05
9/12/2016,7.21
9/13/2016,7.39
9/14/2016,7.43
9/15/2016,7.23
9/16/2016,7.32
9/19/2016,7.67
9/20/2016,7.67
9/21/2016,7.19
9/22/2016,7.04
9/23/2016,6.92
9/26/2016,7.5
9/27/2016,7.6
9/28/2016,7.75
9/29/2016,8.19
9/30/2016,7.99
10/3/2016,8.04
10/4/2016,8.57
10/5/2016,8.1
10/6/2016,8.51
10/7/2016,8.28
10/10/2016,8.21
10/11/2016,9.26
10/12/2016,9.28
10/13/2016,8.49
10/14/2016,8.62
10/17/2016,8.19
10/18/2016,8.11
10/19/2016,8.02
10/20/2016,7.8
10/21/2016,8.01
10/24/2016,8.16
10/25/2016,8.29
10/26/2016,8.26
10/27/2016,8.35
10/28/2016,8.63
10/31/2016,8.85
11/1/2016,9.88
11/2/2016,10.31
11/3/2016,10.42
11/4/2016,11.09
11/7/2016,9.62
11/8/2016,9.48
11/9/2016,9.58
11/10/2016,9.92
11/11/2016,10.8
11/14/2016,11.39
11/15/2016,11.59
11/16/2016,11.85
11/17/2016,13.01
11/18/2016,12.3
11/21/2016,11.91
11/22/2016,11.03
11/23/2016,11.9
11/24/2016,.
11/25/2016,11.58
11/28/2016,11.58
11/29/2016,12.06
11/30/2016,12.93
12/1/2016,12.63
12/2/2016,12.53
12/5/2016,10.84
12/6/2016,10.92
12/7/2016,10.57
12/8/2016,10.35
12/9/2016,10.78
12/12/2016,9.99
12/13/2016,9.8
12/14/2016,10.25
12/15/2016,10.77
12/16/2016,10.72
12/19/2016,11.07
12/20/2016,11.12
12/21/2016,10.81
12/22/2016,10.77
12/23/2016,11.12
12/26/2016,.
12/27/2016,11.36
12/28/2016,11.62
12/29/2016,11.26
12/30/2016,11.28
1/2/2017,.
1/3/2017,11.62
1/4/2017,10.87
1/5/2017,10.87
1/6/2017,10.25
1/9/2017,10.5
1/10/2017,10.36
1/11/2017,10.72
1/12/2017,10.39
1/13/2017,9.89
1/16/2017,.
1/17/2017,9.73
1/18/2017,9.64
1/19/2017,9.76
1/20/2017,9.33
1/23/2017,9.35
1/24/2017,9.19
1/25/2017,8.96
1/26/2017,9.37
1/27/2017,9.33
1/30/2017,9.95
1/31/2017,9.71
2/1/2017,9.65
2/2/2017,9.39
2/3/2017,9.25
2/6/2017,9.61
2/7/2017,9.83
2/8/2017,9.78
2/9/2017,9.49
2/10/2017,9.39
2/13/2017,9.47
2/14/2017,9.2
2/15/2017,9.09
2/16/2017,8.98
2/17/2017,9.14
2/20/2017,.
2/21/2017,9.55
2/22/2017,9.37
2/23/2017,9.33
2/24/2017,9
2/27/2017,9.01
2/28/2017,8.75
3/1/2017,8.83
3/2/2017,8.83
3/3/2017,8.18
3/6/2017,8
3/7/2017,7.98
3/8/2017,8.32
3/9/2017,8.04
3/10/2017,7.95
3/13/2017,6.2
3/14/2017,6.45
3/15/2017,6.31
3/16/2017,6.37
3/17/2017,6.44
3/20/2017,7.35
3/21/2017,7.56
3/22/2017,7.69
3/23/2017,7.88
3/24/2017,7.77
3/27/2017,8.63
3/28/2017,8.74
3/29/2017,9.12
3/30/2017,9.24
3/31/2017,9.15
4/3/2017,9.81
4/4/2017,10.09
4/5/2017,10.5
4/6/2017,11.34
4/7/2017,11.83
4/10/2017,12.06
4/11/2017,12.72
4/12/2017,13.46
4/13/2017,13.38
4/14/2017,.
4/17/2017,14.33
4/18/2017,13.64
4/19/2017,13.84
4/20/2017,14.11
4/21/2017,14.16
4/24/2017,9.51
4/25/2017,9.57
4/26/2017,9.81
4/27/2017,9.03
4/28/2017,9.18
5/1/2017,9.25
5/2/2017,9.47
5/3/2017,9.21
5/4/2017,9.78
5/5/2017,9.95
5/8/2017,8.14
5/9/2017,7.9
5/10/2017,8.03
5/11/2017,7.59
5/12/2017,7.37
5/15/2017,8
5/16/2017,8.86
5/17/2017,9.17
5/18/2017,8.73
5/19/2017,8.51
5/22/2017,8.29
5/23/2017,8.6
5/24/2017,8.32
5/25/2017,8
5/26/2017,8.21
5/29/2017,.
5/30/2017,8.04
5/31/2017,8.08
6/1/2017,7.68
6/2/2017,7.8
6/5/2017,7.86
6/6/2017,7.81
6/7/2017,8.01
6/8/2017,7.55
6/9/2017,7.16
6/12/2017,6.64
6/13/2017,6.83
6/14/2017,6.93
6/15/2017,7.17
6/16/2017,5.9
6/19/2017,6.28
6/20/2017,6.32
6/21/2017,6.5
6/22/2017,6.19
6/23/2017,6.04
6/26/2017,6.28
6/27/2017,7.38
6/28/2017,7.76
6/29/2017,7.68
6/30/2017,7.21
7/3/2017,7.35
7/4/2017,.
7/5/2017,7.4
7/6/2017,7.61
7/7/2017,7.24
7/10/2017,6.9
7/11/2017,7.34
7/12/2017,7.17
7/13/2017,6.77
7/14/2017,6.82
7/17/2017,6.75
7/18/2017,7.44
7/19/2017,7.82
7/20/2017,7.74
7/21/2017,7.1
7/24/2017,7.35
7/25/2017,7.93
7/26/2017,7.99
7/27/2017,8.13
7/28/2017,7.82
7/31/2017,8.3
8/1/2017,8.41
8/2/2017,8.91
8/3/2017,9.19
8/4/2017,8.55
8/7/2017,9.93
8/8/2017,8.51
8/9/2017,8.86
8/10/2017,9.03
8/11/2017,8.91
8/14/2017,8.82
8/15/2017,8.98
8/16/2017,8.67
8/17/2017,8.57
8/18/2017,7.38
8/21/2017,8.59
8/22/2017,8.25
8/23/2017,8.51
8/24/2017,8.28
8/25/2017,8.16
8/28/2017,8.63
8/29/2017,8.81
8/30/2017,8.62
8/31/2017,8.68
9/1/2017,8.32
9/4/2017,.
9/5/2017,9.06
9/6/2017,9.07
9/7/2017,8.6
9/8/2017,8.73
9/11/2017,8.05
9/12/2017,8.05
9/13/2017,8.34
9/14/2017,8.18
9/15/2017,7.5
9/18/2017,8.05
9/19/2017,8.09
9/20/2017,7.77
9/21/2017,8.02
9/22/2017,8.26
9/25/2017,8.5
9/26/2017,8.23
9/27/2017,7.68
9/28/2017,8.04
9/29/2017,7.58
10/2/2017,7.55
10/3/2017,7.67
10/4/2017,7.64
10/5/2017,7.43
10/6/2017,7.29
10/9/2017,7.55
10/10/2017,7.92
10/11/2017,8.02
10/12/2017,8
10/13/2017,7.64
10/16/2017,7.56
10/17/2017,7.56
10/18/2017,7.5
10/19/2017,7.59
10/20/2017,7.54
10/23/2017,7.7
10/24/2017,7.57
10/25/2017,7.91
10/26/2017,7.9
10/27/2017,7.42
10/30/2017,7.16
10/31/2017,7.04
11/1/2017,6.94
11/2/2017,6.88
11/3/2017,6.67
11/6/2017,6.78
11/7/2017,6.68
11/8/2017,6.67
11/9/2017,6.84
11/10/2017,6.66
11/13/2017,7.13
11/14/2017,8.08
11/15/2017,7.8
11/16/2017,7.24
11/17/2017,7.23
11/20/2017,7.31
11/21/2017,7.16
11/22/2017,7.15
11/23/2017,.
11/24/2017,7.9
11/27/2017,7.77
11/28/2017,7.52
11/29/2017,7.69
11/30/2017,7.49
12/1/2017,7.76
12/4/2017,7.65
12/5/2017,7.46
12/6/2017,7.09
12/7/2017,6.85
12/8/2017,6.57
12/11/2017,5.61
12/12/2017,6.01
12/13/2017,5.35
12/14/2017,5.27
12/15/2017,5.02
12/18/2017,5.47
12/19/2017,5.91
12/20/2017,6.2
12/21/2017,5.87
12/22/2017,5.88
12/25/2017,.
12/26/2017,6.05
12/27/2017,6.09
12/28/2017,6.81
12/29/2017,6.81
1/1/2018,.
1/2/2018,7.06
1/3/2018,6.51
1/4/2018,6.83
1/5/2018,6.25
1/8/2018,6.27
1/9/2018,7.06
1/10/2018,6.63
1/11/2018,6.69
1/12/2018,7.37
1/15/2018,.
1/16/2018,7.64
1/17/2018,8.05
1/18/2018,8.31
1/19/2018,8.29
1/22/2018,7.94
1/23/2018,7.27
1/24/2018,8.57
1/25/2018,8.17
1/26/2018,8.17
1/29/2018,8.55
1/30/2018,8.09
1/31/2018,8.79
2/1/2018,8.29
2/2/2018,8.7
2/5/2018,8.81
2/6/2018,9
2/7/2018,8.43
2/8/2018,9.84
2/9/2018,9.59
2/12/2018,9.36
2/13/2018,9.12
2/14/2018,9.67
2/15/2018,9.4
2/16/2018,8.92
2/19/2018,.
2/20/2018,9.73
2/21/2018,9.01
2/22/2018,8.89
2/23/2018,8.28
2/26/2018,8.17
2/27/2018,8.44
2/28/2018,8.33
3/1/2018,8.97
3/2/2018,8.09
3/5/2018,8.17
3/6/2018,8.49
3/7/2018,7.76
3/8/2018,7.57
3/9/2018,7.31
3/12/2018,6.66
3/13/2018,6.97
3/14/2018,6.58
3/15/2018,6.85
3/16/2018,7.31
3/19/2018,7.72
3/20/2018,7.3
3/21/2018,6.77
3/22/2018,7.03
3/23/2018,7.25
3/26/2018,7.42
3/27/2018,7.37
3/28/2018,7.27
3/29/2018,7.05
3/30/2018,.
4/2/2018,7.18
4/3/2018,7.34
4/4/2018,7
4/5/2018,6.97
4/6/2018,6.77
4/9/2018,7.13
4/10/2018,6.68
4/11/2018,6.79
4/12/2018,6.63
4/13/2018,6.4
4/16/2018,6.49
4/17/2018,6.46
4/18/2018,6.69
4/19/2018,6.75
4/20/2018,6.82
4/23/2018,7.66
4/24/2018,7.29
4/25/2018,7.63
4/26/2018,7.74
4/27/2018,6.94
4/30/2018,7.23
5/1/2018,8.17
5/2/2018,7.75
5/3/2018,7.73
5/4/2018,7.55
5/7/2018,7.82
5/8/2018,7.95
5/9/2018,7.83
5/10/2018,7.55
5/11/2018,7.34
5/14/2018,7.48
5/15/2018,7.89
5/16/2018,8.13
5/17/2018,8.17
5/18/2018,8.31
5/21/2018,8.09
5/22/2018,8
5/23/2018,8.29
5/24/2018,7.9
5/25/2018,8.11
5/28/2018,.
5/29/2018,10.17
5/30/2018,8.97
5/31/2018,8.77
6/1/2018,8.53
6/4/2018,7.77
6/5/2018,8.26
6/6/2018,8.27
6/7/2018,8.28
6/8/2018,8.18
6/11/2018,8.04
6/12/2018,8.55
6/13/2018,7.54
6/14/2018,8.01
6/15/2018,7.99
6/18/2018,8.39
6/19/2018,8.35
6/20/2018,7.69
6/21/2018,8.48
6/22/2018,7.87
6/25/2018,8.11
6/26/2018,7.94
6/27/2018,8.27
6/28/2018,8.26
6/29/2018,7.5
7/2/2018,8.12
7/3/2018,7.76
7/4/2018,.
7/5/2018,7.38
7/6/2018,6.78
7/9/2018,6.82
7/10/2018,6.86
7/11/2018,7.55
7/12/2018,7.17
7/13/2018,7.09
7/16/2018,6.94
7/17/2018,6.96
7/18/2018,7.18
7/19/2018,7.35
7/20/2018,7.15
7/23/2018,7.22
7/24/2018,7.02
7/25/2018,7.06
7/26/2018,7.03
7/27/2018,6.77
7/30/2018,6.78
7/31/2018,6.69
8/1/2018,6.56
8/2/2018,7.04
8/3/2018,7.18
8/6/2018,7.68
8/7/2018,7.16
8/8/2018,6.98
8/9/2018,7.69
8/10/2018,8.69
8/13/2018,8.24
8/14/2018,8.53
8/15/2018,8.45
8/16/2018,7.76
8/17/2018,7.67
8/20/2018,7.69
8/21/2018,7.74
8/22/2018,7.76
8/23/2018,8.32
8/24/2018,7.39
8/27/2018,7.68
8/28/2018,7.49
8/29/2018,7.61
8/30/2018,7.55
8/31/2018,8.04
9/3/2018,.
9/4/2018,8.27
9/5/2018,7.75
9/6/2018,7.6
9/7/2018,7.74
9/10/2018,7.81
9/11/2018,7.78
9/12/2018,7.29
9/13/2018,7.05
9/14/2018,7.08
9/17/2018,7.07
9/18/2018,7.27
9/19/2018,7.16
9/20/2018,7.24
9/21/2018,7.11
9/24/2018,7.32
9/25/2018,7.31
9/26/2018,7.06
9/27/2018,7.49
9/28/2018,7.26
10/1/2018,7.61
10/2/2018,7.74
10/3/2018,8.06
10/4/2018,7.78
10/5/2018,7.59
10/8/2018,7.9
10/9/2018,8.09
10/10/2018,7.75
10/11/2018,7.81
10/12/2018,7.67
10/15/2018,7.69
10/16/2018,7.39
10/17/2018,7.42
10/18/2018,7.8
10/19/2018,7.53
10/22/2018,7.74
10/23/2018,7.69
10/24/2018,8.28
10/25/2018,8
10/26/2018,8.02
10/29/2018,8.11
10/30/2018,8.21
10/31/2018,8.31
11/1/2018,8.13
11/2/2018,7.89
11/5/2018,8.18
11/6/2018,8.39
11/7/2018,7.77
11/8/2018,7.97
11/9/2018,8.04
11/12/2018,8.93
11/13/2018,9.12
11/14/2018,9.56
11/15/2018,9.24
11/16/2018,8.54
11/19/2018,8.06
11/20/2018,8.42
11/21/2018,8.01
11/22/2018,.
11/23/2018,7.88
11/26/2018,7.68
11/27/2018,7.8
11/28/2018,7.81
11/29/2018,7.9
11/30/2018,7.9
12/3/2018,7.52
12/4/2018,7.81
12/5/2018,.
12/6/2018,7.98
12/7/2018,7.46
12/10/2018,7.75
12/11/2018,7.8
12/12/2018,7.58
12/13/2018,7.01
12/14/2018,7.09
12/17/2018,6.87
12/18/2018,7.01
12/19/2018,6.75
12/20/2018,7.36
12/21/2018,6.99
12/24/2018,7.48
12/25/2018,.
12/26/2018,7.67
12/27/2018,7.58
12/28/2018,7.57
12/31/2018,7.46
1/1/2019,.
1/2/2019,7.72
1/3/2019,7.92
1/4/2019,7.29
1/7/2019,7.37
1/8/2019,7.14
1/9/2019,7.4
1/10/2019,7.11
1/11/2019,7.01
1/14/2019,7.08
1/15/2019,7.32
1/16/2019,7.12
1/17/2019,6.96
1/18/2019,6.78
1/21/2019,.
1/22/2019,6.95
1/23/2019,6.85
1/24/2019,6.81
1/25/2019,6.61
1/28/2019,6.97
1/29/2019,6.84
1/30/2019,6.73
1/31/2019,6.53
2/1/2019,6.28
2/4/2019,6.43
2/5/2019,6.31
2/6/2019,6.58
2/7/2019,6.55
2/8/2019,6.53
2/11/2019,6.81
2/12/2019,6.54
2/13/2019,6.78
2/14/2019,6.72
2/15/2019,6.83
2/18/2019,.
2/19/2019,6.71
2/20/2019,6.7
2/21/2019,6.56
2/22/2019,6.31
2/25/2019,6.23
2/26/2019,6.14
2/27/2019,6.22
2/28/2019,6.17
3/1/2019,6.07
3/4/2019,6.3
3/5/2019,6.28
3/6/2019,6.3
3/7/2019,6.83
3/8/2019,6.39
3/11/2019,9.4
3/12/2019,6.29
3/13/2019,5.87
3/14/2019,5.68
3/15/2019,5.65
3/18/2019,5.52
3/19/2019,5.55
3/20/2019,5.62
3/21/2019,6.32
3/22/2019,6.04
3/25/2019,6.23
3/26/2019,6.41
3/27/2019,6.51
3/28/2019,6.53
3/29/2019,5.97
4/1/2019,5.84
4/2/2019,6.11
4/3/2019,5.87
4/4/2019,5.76
4/5/2019,5.4
4/8/2019,5.62
4/9/2019,5.43
4/10/2019,5.18
4/11/2019,4.92
4/12/2019,4.88
4/15/2019,5
4/16/2019,4.99
4/17/2019,5.13
4/18/2019,5.05
4/19/2019,.
4/22/2019,5.02
4/23/2019,5.25
4/24/2019,6.25
4/25/2019,6.24
4/26/2019,6.01
4/29/2019,6.18
4/30/2019,6.01
5/1/2019,5.92
5/2/2019,5.77
5/3/2019,5.54
5/6/2019,5.87
5/7/2019,6.07
5/8/2019,6.06
5/9/2019,6.12
5/10/2019,5.64
5/13/2019,5.75
5/14/2019,5.64
5/15/2019,5.46
5/16/2019,5.6
5/17/2019,5.78
5/20/2019,5.65
5/21/2019,5.48
5/22/2019,5.49
5/23/2019,5.93
5/24/2019,5.68
5/27/2019,.
5/28/2019,5.76
5/29/2019,5.62
5/30/2019,5.35
5/31/2019,5.64
6/3/2019,6.56
6/4/2019,6.47
6/5/2019,6.32
6/6/2019,6.26
6/7/2019,6.25
6/10/2019,6.28
6/11/2019,5.98
6/12/2019,5.81
6/13/2019,5.66
6/14/2019,5.75
6/17/2019,5.59
6/18/2019,5.54
6/19/2019,5.15
6/20/2019,5.97
6/21/2019,5.93
6/24/2019,6.18
6/25/2019,6.22
6/26/2019,5.98
6/27/2019,5.91
6/28/2019,6.22
7/1/2019,5.66
7/2/2019,5.41
7/3/2019,5.5
7/4/2019,.
7/5/2019,5.28
7/8/2019,5.17
7/9/2019,5.2
7/10/2019,5.17
7/11/2019,5.18
7/12/2019,5.26
7/15/2019,5.24
7/16/2019,5.28
7/17/2019,5.37
7/18/2019,5.6
7/19/2019,5.79
7/22/2019,5.54
7/23/2019,5.92
7/24/2019,6.26
7/25/2019,5.91
7/26/2019,5.69
7/29/2019,5.96
7/30/2019,5.81
7/31/2019,5.75
8/1/2019,6.22
8/2/2019,6.19
8/5/2019,6.99
8/6/2019,6.52
8/7/2019,6.76
8/8/2019,6.55
8/9/2019,6.36
8/12/2019,6.31
8/13/2019,6.44
8/14/2019,6.55
8/15/2019,6.42
8/16/2019,6.07
8/19/2019,6.78
8/20/2019,6.27
8/21/2019,6.21
8/22/2019,5.67
8/23/2019,6.75
8/26/2019,6.36
8/27/2019,6.21
8/28/2019,5.97
8/29/2019,6.21
8/30/2019,6.72
9/2/2019,.
9/3/2019,7.06
9/4/2019,6.78
9/5/2019,6.25
9/6/2019,6.11
9/9/2019,6.22
9/10/2019,6.38
9/11/2019,6.66
9/12/2019,6.55
9/13/2019,5.81
9/16/2019,6.43
9/17/2019,6.47
9/18/2019,5.9
9/19/2019,5.32
9/20/2019,8.74
9/23/2019,8.74
9/24/2019,5.89
9/25/2019,5.8
9/26/2019,6.21
9/27/2019,6.15
9/30/2019,6.52
10/1/2019,6.23
10/2/2019,6.1
10/3/2019,5.72
10/4/2019,5.74
10/7/2019,6.23
10/8/2019,6
10/9/2019,5.83
10/10/2019,6.06
10/11/2019,6.24
10/14/2019,5.71
10/15/2019,6.35
10/16/2019,6.23
10/17/2019,6.53
10/18/2019,6.31
10/21/2019,5.87
10/22/2019,5.81
10/23/2019,5.83
10/24/2019,5.64
10/25/2019,5.38
10/28/2019,5.37
10/29/2019,5.47
10/30/2019,5.72
10/31/2019,5.58
11/1/2019,5.33
11/4/2019,5.73
11/5/2019,5.7
11/6/2019,5.6
11/7/2019,5.58
11/8/2019,5.63
11/11/2019,5.7
11/12/2019,5.62
11/13/2019,5.61
11/14/2019,5.47
11/15/2019,4.89
11/18/2019,5.38
11/19/2019,5.3
11/20/2019,5.08
11/21/2019,5.32
11/22/2019,5.01
11/25/2019,4.81
11/26/2019,4.64
11/27/2019,4.53
11/28/2019,.
11/29/2019,4.92
12/2/2019,5.23
12/3/2019,5.32
12/4/2019,5.14
12/5/2019,5.14
12/6/2019,5.28
12/9/2019,5.15
12/10/2019,5.14
12/11/2019,5.3
12/12/2019,5.36
12/13/2019,4.85
12/16/2019,4.79
12/17/2019,5.01
12/18/2019,4.9
12/19/2019,4.69
12/20/2019,4.57
12/23/2019,4.31
12/24/2019,4.24
12/25/2019,.
12/26/2019,4.39
12/27/2019,4.79
12/30/2019,5.17
12/31/2019,5.38
1/1/2020,.
1/2/2020,5.22
1/3/2020,5.18
1/6/2020,5.14
1/7/2020,4.96
1/8/2020,4.73
1/9/2020,4.56
1/10/2020,4.49
1/13/2020,4.4
1/14/2020,4.26
1/15/2020,4.3
1/16/2020,4.23
1/17/2020,4.28
1/20/2020,.
1/21/2020,4.13
1/22/2020,4.16
1/23/2020,4.15
1/24/2020,4.3
1/27/2020,4.63
1/28/2020,4.46
1/29/2020,4.19
1/30/2020,4.19
1/31/2020,4.65
2/3/2020,4.65
2/4/2020,4.39
2/5/2020,4.46
2/6/2020,4.4
2/7/2020,4.63
2/10/2020,4.9
2/11/2020,4.93
2/12/2020,5
2/13/2020,5.38
2/14/2020,5.22
2/17/2020,.
2/18/2020,5.4
2/19/2020,5.4
2/20/2020,5.69
2/21/2020,5.36
2/24/2020,5.89
2/25/2020,6.17
2/26/2020,6.21
2/27/2020,7.07
2/28/2020,7.82
3/2/2020,8.2
3/3/2020,7.98
3/4/2020,6.63
3/5/2020,8.06
3/6/2020,9.29
3/9/2020,13.12
3/10/2020,10.68
3/11/2020,11.56
3/12/2020,11.62
3/13/2020,14.19
3/16/2020,16.21
3/17/2020,14.26
3/18/2020,19.31
3/19/2020,18.06
3/20/2020,17.28
3/23/2020,16.44
3/24/2020,14.39
3/25/2020,11.26
3/26/2020,11.59
3/27/2020,11.92
3/30/2020,12.32
3/31/2020,11.26
4/1/2020,12.05
4/2/2020,12.13
4/3/2020,11.7
4/6/2020,10.92
4/7/2020,10.01
4/8/2020,9.34
4/9/2020,8.76
4/10/2020,.
4/13/2020,8.72
4/14/2020,8.59
4/15/2020,9.13
4/16/2020,9.95
4/17/2020,9.24
4/20/2020,9.3
4/21/2020,9.77
4/22/2020,9.83
4/23/2020,9.64
4/24/2020,9.89
4/27/2020,9.6
4/28/2020,8.78
4/29/2020,8.9
4/30/2020,8.02
5/1/2020,8.02
5/4/2020,8.35
5/5/2020,8.21
5/6/2020,8.23
5/7/2020,8.23
5/8/2020,8.17
5/11/2020,7.87
5/12/2020,8.44
5/13/2020,7.28
5/14/2020,8.46
5/15/2020,8.42
5/18/2020,6.96
5/19/2020,7.18
5/20/2020,7.25
5/21/2020,7.07
5/22/2020,6.82
5/25/2020,.
5/26/2020,6.79
5/27/2020,6.88
5/28/2020,7.3
5/29/2020,6.72
6/1/2020,6.9
6/2/2020,6.85
6/3/2020,7.45
6/4/2020,7.42
6/5/2020,7.3
6/8/2020,7.4
6/9/2020,7.85
6/10/2020,8.32
6/11/2020,8.98
6/12/2020,9.04
6/15/2020,8.61
6/16/2020,8.75
6/17/2020,8.38
6/18/2020,8.29
6/19/2020,7.97
6/22/2020,7.98
6/23/2020,8.03
6/24/2020,8.28
6/25/2020,7.95
6/26/2020,7.61
6/29/2020,7.73
6/30/2020,7.74
7/1/2020,7.27
7/2/2020,6.68
7/3/2020,.
7/6/2020,6.92
7/7/2020,6.97
7/8/2020,6.92
7/9/2020,7.03
7/10/2020,6.71
7/13/2020,6.88
7/14/2020,7.04
7/15/2020,7.13
7/16/2020,6.38
7/17/2020,6.75
7/20/2020,6.78
7/21/2020,6.88
7/22/2020,6.82
7/23/2020,7.21
7/24/2020,7.39
7/27/2020,8.59
7/28/2020,8.38
7/29/2020,8.41
7/30/2020,8.8
7/31/2020,8.56
8/3/2020,8.59
8/4/2020,8.45
8/5/2020,8.8
8/6/2020,8.52
8/7/2020,8.01
8/10/2020,7.66
8/11/2020,7.84
8/12/2020,7.97
8/13/2020,8.02
8/14/2020,7.76
8/17/2020,7.84
8/18/2020,8.59
8/19/2020,8.51
8/20/2020,8.32
8/21/2020,8
8/24/2020,8.2
8/25/2020,8.04
8/26/2020,7.99
8/27/2020,7.64
8/28/2020,8.07
8/31/2020,8.26
9/1/2020,8.25
9/2/2020,8.05
9/3/2020,8.27
9/4/2020,7.67
9/7/2020,.
9/8/2020,8.11
9/9/2020,7.77
9/10/2020,8.13
9/11/2020,7.72
9/14/2020,7.39
9/15/2020,7.72
9/16/2020,7.43
9/17/2020,7.35
9/18/2020,7.21
9/21/2020,7.79
9/22/2020,7.73
9/23/2020,7.76
9/24/2020,7.87
9/25/2020,7.6
9/28/2020,7.86
9/29/2020,7.96
9/30/2020,7.65
10/1/2020,7.78
10/2/2020,7.58
10/5/2020,7.96
10/6/2020,7.87
10/7/2020,8.03
10/8/2020,7.66
10/9/2020,7.56
10/12/2020,7.63
10/13/2020,7.43
10/14/2020,7.37
10/15/2020,7.48
10/16/2020,6.82
10/19/2020,7.53
10/20/2020,7.87
10/21/2020,8.12
10/22/2020,8.31
10/23/2020,7.92
10/26/2020,8.25
10/27/2020,8.77
10/28/2020,9.23
10/29/2020,8.87
10/30/2020,8.59
11/2/2020,8.79
11/3/2020,8.91
11/4/2020,7.07
11/5/2020,7.41
11/6/2020,7.45
11/9/2020,7.24
11/10/2020,6.87
11/11/2020,6.88
11/12/2020,7.46
11/13/2020,6.64
11/16/2020,6.65
11/17/2020,6.79
11/18/2020,6.55
11/19/2020,6.36
11/20/2020,6.1
11/23/2020,6.38
11/24/2020,6.38
11/25/2020,6.68
11/26/2020,.
11/27/2020,6.68
11/30/2020,6.67
12/1/2020,7.17
12/2/2020,7.42
12/3/2020,7.62
12/4/2020,7.68
12/7/2020,8.01
12/8/2020,7.47
12/9/2020,7.63
12/10/2020,7.32
12/11/2020,7.62
12/14/2020,7.74
12/15/2020,7.72
12/16/2020,7.28
12/17/2020,7.3
12/18/2020,6.77
12/21/2020,7.63
12/22/2020,7.38
12/23/2020,7.35
12/24/2020,6.9
12/25/2020,.
12/28/2020,6.97
12/29/2020,7.25
12/30/2020,7.57
12/31/2020,7.29
1/1/2021,.
1/4/2021,7.43
1/5/2021,7.35
1/6/2021,6.99
1/7/2021,7
1/8/2021,6.91
1/11/2021,6.93
1/12/2021,6.77
1/13/2021,6.84
1/14/2021,6.38
1/15/2021,6.52
1/18/2021,.
1/19/2021,6.69
1/20/2021,6.23
1/21/2021,6.57
1/22/2021,6.28
1/25/2021,6.48
1/26/2021,6.13
1/27/2021,6.42
1/28/2021,6.22
1/29/2021,6.3
2/1/2021,6.53
2/2/2021,6.45
2/3/2021,6.56
2/4/2021,6.47
2/5/2021,6.19
2/8/2021,6.18
2/9/2021,6.22
2/10/2021,6.22
2/11/2021,6.22
2/12/2021,6.22
2/15/2021,.
2/16/2021,6.31
2/17/2021,6.57
2/18/2021,6.21
2/19/2021,5.93
2/22/2021,6.32
2/23/2021,6.76
2/24/2021,6.35
2/25/2021,7.55
2/26/2021,7.23
3/1/2021,6.69
3/2/2021,6.62
3/3/2021,6.55
3/4/2021,7.09
3/5/2021,6.79
3/8/2021,7.22
3/9/2021,6.91
3/10/2021,6.89
3/11/2021,6.49
3/12/2021,6.63
3/15/2021,6.68
3/16/2021,6.83
3/17/2021,6.53
3/18/2021,6.57
3/19/2021,6.33
3/22/2021,6.3
3/23/2021,6.21
3/24/2021,6.38
3/25/2021,6.5
3/26/2021,6.11
3/29/2021,6.34
3/30/2021,6.4
3/31/2021,6.4
4/1/2021,5.72
4/2/2021,5.72
4/5/2021,5.72
4/6/2021,6.44
4/7/2021,6.45
4/8/2021,6.45
4/9/2021,6.45
4/12/2021,5.45
4/13/2021,5.61
4/14/2021,5.4
4/15/2021,5.67
4/16/2021,5.61
4/19/2021,6.02
4/20/2021,6.18
4/21/2021,6.08
4/22/2021,5.95
4/23/2021,5.67
4/26/2021,5.87
4/27/2021,5.72
4/28/2021,5.62
4/29/2021,5.5
4/30/2021,5.78
5/3/2021,5.92
5/4/2021,6.06
5/5/2021,5.99
5/6/2021,6.06
5/7/2021,6.46
5/10/2021,6.46
5/11/2021,6.46
5/12/2021,6.56
5/13/2021,6.23
5/14/2021,6.23
5/17/2021,5.95
5/18/2021,6.35
5/19/2021,6.46
5/20/2021,6.13
5/21/2021,5.98
5/24/2021,6.05
5/25/2021,6.36
5/26/2021,6.1
5/27/2021,6.16
5/28/2021,6.12
5/31/2021,.
6/1/2021,6.13
6/2/2021,6.01
6/3/2021,6.31
6/4/2021,6.31
6/7/2021,5.79
6/8/2021,5.77
6/9/2021,5.59
6/10/2021,5.59
6/11/2021,5.59
6/14/2021,5.26
6/15/2021,5.26
6/16/2021,5.53
6/17/2021,5.37
6/18/2021,5.76
6/21/2021,5.85
6/22/2021,5.61
6/23/2021,5.65
6/24/2021,5.51
6/25/2021,5.36
6/28/2021,5.63
6/29/2021,5.65
6/30/2021,6.02
7/1/2021,6
7/2/2021,6
7/5/2021,.
7/6/2021,6
7/7/2021,6
7/8/2021,6
7/9/2021,6
7/12/2021,5.29
7/13/2021,5.34
7/14/2021,5.49
7/15/2021,5.52
7/16/2021,5.16
7/19/2021,5.59
7/20/2021,6.1
7/21/2021,5.5
7/22/2021,5.05
7/23/2021,6.24
7/26/2021,5.49
7/27/2021,5.68
7/28/2021,5.62
7/29/2021,5.22
7/30/2021,5.16
8/2/2021,5.47
8/3/2021,5.47
8/4/2021,5.54
8/5/2021,5.54
8/6/2021,5.18
8/9/2021,5.18
8/10/2021,5.18
8/11/2021,5.18
8/12/2021,5.18
8/13/2021,5.18
8/16/2021,5.46
8/17/2021,5.81
8/18/2021,5.49
8/19/2021,5.36
8/20/2021,5.42
8/23/2021,5.4
8/24/2021,5.32
8/25/2021,5.37
8/26/2021,5.35
8/27/2021,5.27
8/30/2021,5.34
8/31/2021,5.56
9/1/2021,5.37
9/2/2021,5.2
9/3/2021,5.07
9/6/2021,.
9/7/2021,5.27
9/8/2021,5.33
9/9/2021,5.11
9/10/2021,5.11
9/13/2021,5.16
9/14/2021,5.12
9/15/2021,4.93
9/16/2021,5.17
9/17/2021,5.07
9/20/2021,5.44
9/21/2021,5.26
9/22/2021,5.03
9/23/2021,4.84
9/24/2021,4.82
9/27/2021,4.93
9/28/2021,5.23
9/29/2021,5.63
9/30/2021,5.4
10/1/2021,5.04
10/4/2021,5.43
10/5/2021,5.28
10/6/2021,5.5
10/7/2021,5.43
