DATE,VXEEMCLS
3/16/2011,32.86
3/17/2011,30.3
3/18/2011,29.59
3/21/2011,26.45
3/22/2011,25.5
3/23/2011,25
3/24/2011,23.68
3/25/2011,24.1
3/28/2011,24.26
3/29/2011,24.16
3/30/2011,22.9
3/31/2011,23.08
4/1/2011,22.14
4/4/2011,22.91
4/5/2011,22.95
4/6/2011,23.49
4/7/2011,23.81
4/8/2011,24.05
4/11/2011,23.73
4/12/2011,24.13
4/13/2011,22.66
4/14/2011,21.85
4/15/2011,21.07
4/18/2011,23.02
4/19/2011,21.3
4/20/2011,20.59
4/21/2011,21.14
4/22/2011,.
4/25/2011,23.13
4/26/2011,22.35
4/27/2011,22.02
4/28/2011,21.95
4/29/2011,21.85
5/2/2011,23.13
5/3/2011,25.56
5/4/2011,25.5
5/5/2011,26.11
5/6/2011,25.21
5/9/2011,24.37
5/10/2011,23.32
5/11/2011,24.84
5/12/2011,24.4
5/13/2011,25.35
5/16/2011,25.27
5/17/2011,24.95
5/18/2011,23.5
5/19/2011,23.31
5/20/2011,23.28
5/23/2011,25.27
5/24/2011,24.46
5/25/2011,23.16
5/26/2011,22.36
5/27/2011,21.87
5/30/2011,.
5/31/2011,22.29
6/1/2011,25.17
6/2/2011,24.75
6/3/2011,24.78
6/6/2011,26.13
6/7/2011,25.62
6/8/2011,26.09
6/9/2011,24.27
6/10/2011,26.01
6/13/2011,26.49
6/14/2011,24.77
6/15/2011,28.29
6/16/2011,31.03
6/17/2011,29.65
6/20/2011,28.21
6/21/2011,26.29
6/22/2011,25.36
6/23/2011,26.95
6/24/2011,27.51
6/27/2011,27.2
6/28/2011,26.17
6/29/2011,23.86
6/30/2011,22.47
7/1/2011,21.73
7/4/2011,.
7/5/2011,22.66
7/6/2011,22.97
7/7/2011,22.11
7/8/2011,23.34
7/11/2011,25.78
7/12/2011,25.41
7/13/2011,24.46
7/14/2011,26.36
7/15/2011,25.06
7/18/2011,25.14
7/19/2011,23.86
7/20/2011,24.15
7/21/2011,24.21
7/22/2011,23.11
7/25/2011,24.25
7/26/2011,24.54
7/27/2011,28.01
7/28/2011,28.81
7/29/2011,29.96
8/1/2011,28
8/2/2011,28.86
8/3/2011,28.24
8/4/2011,37.9
8/5/2011,42.26
8/8/2011,57.28
8/9/2011,49.54
8/10/2011,56.93
8/11/2011,48.75
8/12/2011,46.07
8/15/2011,39.3
8/16/2011,38.55
8/17/2011,35.57
8/18/2011,45.19
8/19/2011,48.23
8/22/2011,48.82
8/23/2011,41.91
8/24/2011,44.2
8/25/2011,49.99
8/26/2011,44.56
8/29/2011,41.06
8/30/2011,40.98
8/31/2011,38.94
9/1/2011,39.38
9/2/2011,41.41
9/5/2011,.
9/6/2011,45.1
9/7/2011,40.41
9/8/2011,42.66
9/9/2011,50.05
9/12/2011,50.7
9/13/2011,47.65
9/14/2011,45.13
9/15/2011,41.64
9/16/2011,37.72
9/19/2011,43.83
9/20/2011,43.16
9/21/2011,46.73
9/22/2011,58.53
9/23/2011,59.28
9/26/2011,57.18
9/27/2011,53.18
9/28/2011,57.51
9/29/2011,55.11
9/30/2011,61.4
10/3/2011,64.1
10/4/2011,59.46
10/5/2011,52.26
10/6/2011,48.35
10/7/2011,50.82
10/10/2011,46.53
10/11/2011,45.37
10/12/2011,42.51
10/13/2011,42.8
10/14/2011,41.78
10/17/2011,46.72
10/18/2011,45.27
10/19/2011,47.2
10/20/2011,48.74
10/21/2011,44.87
10/24/2011,40.67
10/25/2011,45.39
10/26/2011,43.54
10/27/2011,38.52
10/28/2011,37.35
10/31/2011,41.67
11/1/2011,47.36
11/2/2011,44.63
11/3/2011,43.64
11/4/2011,43.83
11/7/2011,43.22
11/8/2011,40.75
11/9/2011,48.6
11/10/2011,45.81
11/11/2011,42.94
11/14/2011,44.39
11/15/2011,43.88
11/16/2011,47.16
11/17/2011,49.11
11/18/2011,44.88
11/21/2011,46.66
11/22/2011,44.63
11/23/2011,46.78
11/24/2011,.
11/25/2011,60.99
11/28/2011,45.27
11/29/2011,42.68
11/30/2011,39.3
12/1/2011,39.95
12/2/2011,39.84
12/5/2011,39.23
12/6/2011,40.83
12/7/2011,40.9
12/8/2011,43.36
12/9/2011,38.66
12/12/2011,38.61
12/13/2011,36.62
12/14/2011,37.1
12/15/2011,34.48
12/16/2011,33.49
12/19/2011,34.24
12/20/2011,32.39
12/21/2011,31.32
12/22/2011,29.72
12/23/2011,29.83
12/26/2011,.
12/27/2011,32.16
12/28/2011,33.87
12/29/2011,32.71
12/30/2011,32.74
1/2/2012,.
1/3/2012,32.73
1/4/2012,31.79
1/5/2012,31.13
1/6/2012,31.51
1/9/2012,30.09
1/10/2012,29.49
1/11/2012,29.82
1/12/2012,30.01
1/13/2012,31.13
1/16/2012,.
1/17/2012,30.19
1/18/2012,27.98
1/19/2012,27.79
1/20/2012,26.07
1/23/2012,26.95
1/24/2012,26.92
1/25/2012,26.91
1/26/2012,27.66
1/27/2012,27.47
1/30/2012,28.94
1/31/2012,27.97
2/1/2012,26.22
2/2/2012,26.24
2/3/2012,26.29
2/6/2012,27.58
2/7/2012,28.19
2/8/2012,28.33
2/9/2012,27.94
2/10/2012,30.05
2/13/2012,28.9
2/14/2012,29.69
2/15/2012,31.01
2/16/2012,28.81
2/17/2012,29.41
2/20/2012,.
2/21/2012,28.37
2/22/2012,26.86
2/23/2012,25.73
2/24/2012,25.14
2/27/2012,27.21
2/28/2012,26.48
2/29/2012,27.1
3/1/2012,25.79
3/2/2012,25.73
3/5/2012,26.38
3/6/2012,29.09
3/7/2012,28.29
3/8/2012,26.7
3/9/2012,27.05
3/12/2012,26.01
3/13/2012,24.71
3/14/2012,26.93
3/15/2012,24.84
3/16/2012,23.98
3/19/2012,23.92
3/20/2012,25.14
3/21/2012,24.5
3/22/2012,25.96
3/23/2012,25.1
3/26/2012,24.85
3/27/2012,25.63
3/28/2012,26.91
3/29/2012,26.57
3/30/2012,26.09
4/2/2012,25.24
4/3/2012,25.51
4/4/2012,26.59
4/5/2012,26.33
4/6/2012,.
4/9/2012,27.96
4/10/2012,30.31
4/11/2012,29.28
4/12/2012,27.23
4/13/2012,28.69
4/16/2012,28.67
4/17/2012,27.24
4/18/2012,27.39
4/19/2012,27.35
4/20/2012,25.31
4/23/2012,27.19
4/24/2012,26.24
4/25/2012,25.59
4/26/2012,24.18
4/27/2012,23.52
4/30/2012,24.82
5/1/2012,24.46
5/2/2012,24.43
5/3/2012,25.23
5/4/2012,26.6
5/7/2012,26.68
5/8/2012,28.02
5/9/2012,29.51
5/10/2012,28.53
5/11/2012,29.11
5/14/2012,31.37
5/15/2012,33.09
5/16/2012,34.85
5/17/2012,36.17
5/18/2012,37.42
5/21/2012,33.27
5/22/2012,33.56
5/23/2012,33.75
5/24/2012,33.66
5/25/2012,33.84
5/28/2012,.
5/29/2012,32.15
5/30/2012,33.75
5/31/2012,33.96
6/1/2012,36.57
6/4/2012,36.33
6/5/2012,34.09
6/6/2012,32.42
6/7/2012,32.12
6/8/2012,32.21
6/11/2012,34.41
6/12/2012,32.6
6/13/2012,35.17
6/14/2012,34.49
6/15/2012,31.59
6/18/2012,28.52
6/19/2012,26.93
6/20/2012,25.65
6/21/2012,28.75
6/22/2012,27.47
6/25/2012,29.69
6/26/2012,29.22
6/27/2012,28.42
6/28/2012,28.65
6/29/2012,25.79
7/2/2012,26.39
7/3/2012,26.39
7/4/2012,.
7/5/2012,26.27
7/6/2012,26.9
7/9/2012,27.32
7/10/2012,27.89
7/11/2012,26.62
7/12/2012,28.08
7/13/2012,26.34
7/16/2012,26.64
7/17/2012,24.7
7/18/2012,24.11
7/19/2012,23.92
7/20/2012,24.65
7/23/2012,28.29
7/24/2012,29.24
7/25/2012,28.27
7/26/2012,25.99
7/27/2012,25.27
7/30/2012,26.22
7/31/2012,26.96
8/1/2012,27.48
8/2/2012,27.09
8/3/2012,23.9
8/6/2012,24.59
8/7/2012,24.29
8/8/2012,23.72
8/9/2012,23.55
8/10/2012,22.91
8/13/2012,22.23
8/14/2012,22.54
8/15/2012,21.62
8/16/2012,21.62
8/17/2012,20.79
8/20/2012,21.17
8/21/2012,22.18
8/22/2012,21.64
8/23/2012,22.64
8/24/2012,22.48
8/27/2012,24.04
8/28/2012,24.19
8/29/2012,25
8/30/2012,25.95
8/31/2012,25.27
9/3/2012,.
9/4/2012,26.68
9/5/2012,26.28
9/6/2012,24.02
9/7/2012,22.29
9/10/2012,23.62
9/11/2012,23.73
9/12/2012,23.58
9/13/2012,22.55
9/14/2012,22.87
9/17/2012,23.2
9/18/2012,22.16
9/19/2012,22.18
9/20/2012,21.37
9/21/2012,20.24
9/24/2012,20.37
9/25/2012,22.84
9/26/2012,23.61
9/27/2012,21.81
9/28/2012,22.71
10/1/2012,23.31
10/2/2012,22.46
10/3/2012,22.18
10/4/2012,21.77
10/5/2012,21.17
10/8/2012,21.78
10/9/2012,23.2
10/10/2012,23.41
10/11/2012,22.27
10/12/2012,22.29
10/15/2012,21.48
10/16/2012,20.53
10/17/2012,20.03
10/18/2012,20.31
10/19/2012,22.35
10/22/2012,22.52
10/23/2012,24.8
10/24/2012,24.98
10/25/2012,24.2
10/26/2012,24.12
10/29/2012,.
10/30/2012,.
10/31/2012,24.32
11/1/2012,22.8
11/2/2012,22.61
11/5/2012,23.28
11/6/2012,22.84
11/7/2012,23.57
11/8/2012,24.95
11/9/2012,24.56
11/12/2012,23.37
11/13/2012,23.43
11/14/2012,23.8
11/15/2012,24.31
11/16/2012,23.63
11/19/2012,20.84
11/20/2012,21.31
11/21/2012,20.88
11/22/2012,.
11/23/2012,20.25
11/26/2012,21.44
11/27/2012,21.74
11/28/2012,22.16
11/29/2012,21.83
11/30/2012,22.49
12/3/2012,22.76
12/4/2012,22.8
12/5/2012,22
12/6/2012,21.8
12/7/2012,21.06
12/10/2012,21.43
12/11/2012,21.12
12/12/2012,21.14
12/13/2012,21.22
12/14/2012,21
12/17/2012,20.67
12/18/2012,20.04
12/19/2012,20.28
12/20/2012,20.03
12/21/2012,20.53
12/24/2012,20.53
12/25/2012,.
12/26/2012,21.71
12/27/2012,21.26
12/28/2012,23.04
12/31/2012,21.7
1/1/2013,.
1/2/2013,19.74
1/3/2013,18.78
1/4/2013,17.82
1/7/2013,18.53
1/8/2013,18.23
1/9/2013,17.82
1/10/2013,17.45
1/11/2013,18.16
1/14/2013,16.54
1/15/2013,17.25
1/16/2013,17.24
1/17/2013,17
1/18/2013,15.85
1/21/2013,.
1/22/2013,16.24
1/23/2013,15.69
1/24/2013,16.21
1/25/2013,16.46
1/28/2013,18.19
1/29/2013,18.05
1/30/2013,18.68
1/31/2013,19.24
2/1/2013,18.14
2/4/2013,19.95
2/5/2013,18.4
2/6/2013,18.75
2/7/2013,18.72
2/8/2013,17.85
2/11/2013,17.7
2/12/2013,16.62
2/13/2013,15.84
2/14/2013,15.84
2/15/2013,15.33
2/18/2013,.
2/19/2013,15
2/20/2013,16.47
2/21/2013,18.2
2/22/2013,17.67
2/25/2013,21.86
2/26/2013,20.25
2/27/2013,18.79
2/28/2013,18.42
3/1/2013,18.72
3/4/2013,18.91
3/5/2013,17.63
3/6/2013,17.37
3/7/2013,16.52
3/8/2013,15.26
3/11/2013,15.4
3/12/2013,15.77
3/13/2013,16.6
3/14/2013,16.11
3/15/2013,15.97
3/18/2013,18.53
3/19/2013,19.1
3/20/2013,18.09
3/21/2013,20.15
3/22/2013,19.08
3/25/2013,18.69
3/26/2013,16.86
3/27/2013,16.63
3/28/2013,16.72
3/29/2013,.
4/1/2013,18.18
4/2/2013,17.77
4/3/2013,18.36
4/4/2013,19.2
4/5/2013,19.15
4/8/2013,18.75
4/9/2013,18.02
4/10/2013,17.67
4/11/2013,17.23
4/12/2013,17.92
4/15/2013,22
4/16/2013,20.09
4/17/2013,22.46
4/18/2013,23.2
4/19/2013,20.71
4/22/2013,19.68
4/23/2013,18.82
4/24/2013,18.79
4/25/2013,18.61
4/26/2013,18.88
4/29/2013,18.93
4/30/2013,18.53
5/1/2013,20.27
5/2/2013,19.29
5/3/2013,18.19
5/6/2013,18
5/7/2013,17.77
5/8/2013,18.08
5/9/2013,18.54
5/10/2013,19.59
5/13/2013,19.36
5/14/2013,19.31
5/15/2013,19.41
5/16/2013,18.87
5/17/2013,18.32
5/20/2013,18
5/21/2013,17.49
5/22/2013,18.92
5/23/2013,20.41
5/24/2013,21.47
5/27/2013,.
5/28/2013,20.16
5/29/2013,21.78
5/30/2013,21.47
5/31/2013,23.68
6/3/2013,22.79
6/4/2013,23.34
6/5/2013,24.99
6/6/2013,24.83
6/7/2013,24.32
6/10/2013,23.76
6/11/2013,26.28
6/12/2013,27.98
6/13/2013,26.05
6/14/2013,26.97
6/17/2013,27.29
6/18/2013,26.19
6/19/2013,26.5
6/20/2013,35.48
6/21/2013,33.61
6/24/2013,38
6/25/2013,32.35
6/26/2013,28.52
6/27/2013,28.29
6/28/2013,27.61
7/1/2013,25.64
7/2/2013,30.18
7/3/2013,30.77
7/4/2013,.
7/5/2013,29.56
7/8/2013,28.79
7/9/2013,25.69
7/10/2013,27
7/11/2013,25.6
7/12/2013,27.29
7/15/2013,26.21
7/16/2013,26.98
7/17/2013,25.98
7/18/2013,26.33
7/19/2013,24.7
7/22/2013,23.19
7/23/2013,22.09
7/24/2013,22.43
7/25/2013,21.51
7/26/2013,21.3
7/29/2013,23.08
7/30/2013,23.21
7/31/2013,23.26
8/1/2013,22.04
8/2/2013,20.84
8/5/2013,20.45
8/6/2013,22.12
8/7/2013,23.35
8/8/2013,23.06
8/9/2013,22.81
8/12/2013,21.74
8/13/2013,21.43
8/14/2013,21.92
8/15/2013,23.1
8/16/2013,23.62
8/19/2013,24.57
8/20/2013,24.45
8/21/2013,26.02
8/22/2013,24.62
8/23/2013,23.24
8/26/2013,25.25
8/27/2013,28.55
8/28/2013,28.21
8/29/2013,28.01
8/30/2013,28.14
9/2/2013,.
9/3/2013,28.36
9/4/2013,26.68
9/5/2013,25.89
9/6/2013,26.22
9/9/2013,26.29
9/10/2013,25.89
9/11/2013,25.05
9/12/2013,25.16
9/13/2013,24.29
9/16/2013,24.35
9/17/2013,24.26
9/18/2013,22.87
9/19/2013,21.81
9/20/2013,23.55
9/23/2013,23.09
9/24/2013,22.36
9/25/2013,22.49
9/26/2013,22.42
9/27/2013,23.44
9/30/2013,25.73
10/1/2013,24.44
10/2/2013,24.71
10/3/2013,25.41
10/4/2013,24.41
10/7/2013,27.11
10/8/2013,28.75
10/9/2013,28.08
10/10/2013,24.97
10/11/2013,23.73
10/14/2013,24.2
10/15/2013,25.61
10/16/2013,23.25
10/17/2013,21.75
10/18/2013,19.98
10/21/2013,18.86
10/22/2013,19.26
10/23/2013,21.58
10/24/2013,21.5
10/25/2013,21.01
10/28/2013,20.86
10/29/2013,20.82
10/30/2013,21.59
10/31/2013,21.83
11/1/2013,21.67
11/4/2013,21.91
11/5/2013,23.83
11/6/2013,23.46
11/7/2013,24.79
11/8/2013,23.83
11/11/2013,23.48
11/12/2013,23.45
11/13/2013,23.05
11/14/2013,21
11/15/2013,21.74
11/18/2013,23.74
11/19/2013,23.34
11/20/2013,24.12
11/21/2013,24.16
11/22/2013,23.36
11/25/2013,24.38
11/26/2013,23.67
11/27/2013,23.17
11/28/2013,.
11/29/2013,22.75
12/2/2013,24.8
12/3/2013,26.11
12/4/2013,26.02
12/5/2013,26.49
12/6/2013,25.02
12/9/2013,24.87
12/10/2013,24.44
12/11/2013,26.01
12/12/2013,25.6
12/13/2013,25.33
12/16/2013,25.38
12/17/2013,24.94
12/18/2013,21.16
12/19/2013,20.97
12/20/2013,21.53
12/23/2013,20.44
12/24/2013,19.95
12/25/2013,.
12/26/2013,20.74
12/27/2013,20.5
12/30/2013,21.22
12/31/2013,21.72
1/1/2014,.
1/2/2014,24.55
1/3/2014,24.21
1/6/2014,24.24
1/7/2014,23.01
1/8/2014,23.6
1/9/2014,23.45
1/10/2014,22.1
1/13/2014,22.3
1/14/2014,22.25
1/15/2014,20.79
1/16/2014,21.93
1/17/2014,20.25
1/20/2014,.
1/21/2014,21.16
1/22/2014,20.4
1/23/2014,23.31
1/24/2014,28.26
1/27/2014,29.43
1/28/2014,29.51
1/29/2014,30.92
1/30/2014,28.38
1/31/2014,28.9
2/3/2014,31.16
2/4/2014,29.13
2/5/2014,29.23
2/6/2014,27.26
2/7/2014,26.47
2/10/2014,26.5
2/11/2014,25.13
2/12/2014,25.54
2/13/2014,24.6
2/14/2014,23.97
2/17/2014,.
2/18/2014,25.29
2/19/2014,25.22
2/20/2014,24.25
2/21/2014,23.45
2/24/2014,23.24
2/25/2014,23.8
2/26/2014,23.9
2/27/2014,23.44
2/28/2014,25.04
3/3/2014,27.98
3/4/2014,24.81
3/5/2014,24.25
3/6/2014,24.42
3/7/2014,25.65
3/10/2014,26.02
3/11/2014,26.11
3/12/2014,25.45
3/13/2014,27.29
3/14/2014,28.06
3/17/2014,26.5
3/18/2014,24.37
3/19/2014,25.03
3/20/2014,23.53
3/21/2014,24.51
3/24/2014,24.5
3/25/2014,23.07
3/26/2014,23.58
3/27/2014,23.45
3/28/2014,23.38
3/31/2014,22.56
4/1/2014,21.09
4/2/2014,20.63
4/3/2014,19.89
4/4/2014,21.29
4/7/2014,21.71
4/8/2014,21.94
4/9/2014,21.31
4/10/2014,22.93
4/11/2014,23.02
4/14/2014,22.61
4/15/2014,24.01
4/16/2014,22.62
4/17/2014,21.92
4/18/2014,.
4/21/2014,22.07
4/22/2014,21.39
4/23/2014,21.3
4/24/2014,20.73
4/25/2014,21.6
4/28/2014,21.91
4/29/2014,20.66
4/30/2014,19.74
5/1/2014,19.35
5/2/2014,18.51
5/5/2014,19.48
5/6/2014,19.64
5/7/2014,19.22
5/8/2014,18.49
5/9/2014,18.6
5/12/2014,16.75
5/13/2014,15.74
5/14/2014,16.65
5/15/2014,17.34
5/16/2014,16.93
5/19/2014,16.31
5/20/2014,17.74
5/21/2014,17.22
5/22/2014,16.07
5/23/2014,15.58
5/26/2014,.
5/27/2014,16.87
5/28/2014,17.07
5/29/2014,16.71
5/30/2014,17.6
6/2/2014,18.01
6/3/2014,18.27
6/4/2014,18.26
6/5/2014,17.94
6/6/2014,16.33
6/9/2014,16.83
6/10/2014,16.51
6/11/2014,16.83
6/12/2014,17.33
6/13/2014,16.81
6/16/2014,17.76
6/17/2014,17.66
6/18/2014,16.52
6/19/2014,15.95
6/20/2014,15.08
6/23/2014,15.69
6/24/2014,15.76
6/25/2014,15.06
6/26/2014,15.18
6/27/2014,14.91
6/30/2014,15.11
7/1/2014,14.23
7/2/2014,14.21
7/3/2014,13.71
7/4/2014,.
7/7/2014,13.92
7/8/2014,15.05
7/9/2014,14.62
7/10/2014,15
7/11/2014,14.37
7/14/2014,13.74
7/15/2014,14.8
7/16/2014,14.17
7/17/2014,17.33
7/18/2014,15.7
7/21/2014,16.01
7/22/2014,15.42
7/23/2014,15.6
7/24/2014,15.94
7/25/2014,16.57
7/28/2014,16.75
7/29/2014,17.38
7/30/2014,17.96
7/31/2014,20.56
8/1/2014,20.76
8/4/2014,19.63
8/5/2014,21.03
8/6/2014,21.7
8/7/2014,22.37
8/8/2014,20.47
8/11/2014,19
8/12/2014,18.89
8/13/2014,17.94
8/14/2014,17.15
8/15/2014,17.5
8/18/2014,15.86
8/19/2014,15.19
8/20/2014,15.33
8/21/2014,15.28
8/22/2014,14.84
8/25/2014,14.51
8/26/2014,14.5
8/27/2014,14.42
8/28/2014,15.37
8/29/2014,15.4
9/1/2014,.
9/2/2014,16.09
9/3/2014,16.49
9/4/2014,16.74
9/5/2014,16.05
9/8/2014,16.89
9/9/2014,18.44
9/10/2014,18.64
9/11/2014,19.23
9/12/2014,20.04
9/15/2014,20.9
9/16/2014,20.44
9/17/2014,18.82
9/18/2014,18
9/19/2014,17.4
9/22/2014,19.13
9/23/2014,19.34
9/24/2014,18.6
9/25/2014,20.26
9/26/2014,20.29
9/29/2014,22.52
9/30/2014,21.95
10/1/2014,23.66
10/2/2014,22.9
10/3/2014,21.13
10/6/2014,20.67
10/7/2014,22.1
10/8/2014,21.28
10/9/2014,23.08
10/10/2014,24.64
10/13/2014,26.37
10/14/2014,25.71
10/15/2014,31.9
10/16/2014,29.64
10/17/2014,27.34
10/20/2014,25.49
10/21/2014,23.18
10/22/2014,22.83
10/23/2014,22.12
10/24/2014,21.09
10/27/2014,20.05
10/28/2014,20.31
10/29/2014,20.38
10/30/2014,19.93
10/31/2014,18.87
11/3/2014,20.48
11/4/2014,20.37
11/5/2014,20.52
11/6/2014,20.87
11/7/2014,18.75
11/10/2014,18.48
11/11/2014,18.58
11/12/2014,19.11
11/13/2014,19.21
11/14/2014,18.55
11/17/2014,19.6
11/18/2014,19.25
11/19/2014,18.95
11/20/2014,19.2
11/21/2014,17.52
11/24/2014,18.42
11/25/2014,17.23
11/26/2014,17.88
11/27/2014,.
11/28/2014,19.3
12/1/2014,20.49
12/2/2014,20.2
12/3/2014,19.84
12/4/2014,19.68
12/5/2014,18.21
12/8/2014,19.68
12/9/2014,21.38
12/10/2014,22.93
12/11/2014,23.65
12/12/2014,24.24
12/15/2014,25.68
12/16/2014,26.63
12/17/2014,25.63
12/18/2014,22.5
12/19/2014,20.61
12/22/2014,20.23
12/23/2014,19.59
12/24/2014,19.47
12/25/2014,.
12/26/2014,18.8
12/29/2014,20.49
12/30/2014,20.86
12/31/2014,22.26
1/1/2015,.
1/2/2015,21.65
1/5/2015,24.23
1/6/2015,24.74
1/7/2015,23.51
1/8/2015,22.28
1/9/2015,21.14
1/12/2015,22.34
1/13/2015,21.74
1/14/2015,23.96
1/15/2015,24.07
1/16/2015,21.37
1/19/2015,.
1/20/2015,21.59
1/21/2015,20.54
1/22/2015,19.36
1/23/2015,18.13
1/26/2015,18.3
1/27/2015,19.04
1/28/2015,21.36
1/29/2015,21.75
1/30/2015,24.34
2/2/2015,24.33
2/3/2015,22.18
2/4/2015,22.42
2/5/2015,21.83
2/6/2015,21.69
2/9/2015,22.72
2/10/2015,21.88
2/11/2015,22.16
2/12/2015,19.78
2/13/2015,18.82
2/16/2015,.
2/17/2015,20.28
2/18/2015,20.14
2/19/2015,19.46
2/20/2015,17.41
2/23/2015,17.9
2/24/2015,17.1
2/25/2015,17.19
2/26/2015,17.42
2/27/2015,16.54
3/2/2015,16.63
3/3/2015,17.16
3/4/2015,18.13
3/5/2015,18.24
3/6/2015,19.15
3/9/2015,19.87
3/10/2015,21.44
3/11/2015,20.57
3/12/2015,19.92
3/13/2015,21.14
3/16/2015,20.99
3/17/2015,20.84
3/18/2015,18.63
3/19/2015,19.9
3/20/2015,17.58
3/23/2015,17.57
3/24/2015,17.06
3/25/2015,18.89
3/26/2015,19.95
3/27/2015,19.16
3/30/2015,18.48
3/31/2015,19.07
4/1/2015,19.26
4/2/2015,18.53
4/3/2015,.
4/6/2015,19.01
4/7/2015,18.49
4/8/2015,19.94
4/9/2015,20.49
4/10/2015,18.76
4/13/2015,19.44
4/14/2015,18.63
4/15/2015,18.16
4/16/2015,17.47
4/17/2015,19.38
4/20/2015,19.44
4/21/2015,19.3
4/22/2015,18.76
4/23/2015,18.89
4/24/2015,18.62
4/27/2015,19.23
4/28/2015,18.73
4/29/2015,19.14
4/30/2015,19.98
5/1/2015,18.3
5/4/2015,18.07
5/5/2015,19.74
5/6/2015,20.98
5/7/2015,20.87
5/8/2015,18.21
5/11/2015,17.63
5/12/2015,19.29
5/13/2015,18.32
5/14/2015,17.41
5/15/2015,15.99
5/18/2015,17.51
5/19/2015,17.52
5/20/2015,16.79
5/21/2015,16.63
5/22/2015,15.87
5/25/2015,.
5/26/2015,19.13
5/27/2015,18.47
5/28/2015,18.97
5/29/2015,18.71
6/1/2015,19.48
6/2/2015,18.82
6/3/2015,18.62
6/4/2015,20.2
6/5/2015,19.73
6/8/2015,20.56
6/9/2015,20.21
6/10/2015,18.08
6/11/2015,17.88
6/12/2015,18.68
6/15/2015,20.11
6/16/2015,20.31
6/17/2015,18.9
6/18/2015,18.21
6/19/2015,17.52
6/22/2015,17.05
6/23/2015,16.21
6/24/2015,17.9
6/25/2015,18.1
6/26/2015,18.94
6/29/2015,22.16
6/30/2015,21.42
7/1/2015,21.27
7/2/2015,20.61
7/3/2015,.
7/6/2015,22.56
7/7/2015,23.35
7/8/2015,29.47
7/9/2015,27.43
7/10/2015,24.16
7/13/2015,20.88
7/14/2015,19.29
7/15/2015,19.09
7/16/2015,17.78
7/17/2015,17.64
7/20/2015,18.47
7/21/2015,17.83
7/22/2015,18.05
7/23/2015,18.41
7/24/2015,20.44
7/27/2015,24.7
7/28/2015,21.67
7/29/2015,20.11
7/30/2015,21.16
7/31/2015,21.04
8/3/2015,23.07
8/4/2015,22.6
8/5/2015,22.15
8/6/2015,23.57
8/7/2015,22.67
8/10/2015,22.33
8/11/2015,25.12
8/12/2015,26.61
8/13/2015,25.82
8/14/2015,24.39
8/17/2015,25.13
8/18/2015,25.67
8/19/2015,27.29
8/20/2015,30.02
8/21/2015,33.3
8/24/2015,55.17
8/25/2015,44.65
8/26/2015,36.79
8/27/2015,32.62
8/28/2015,37.18
8/31/2015,37.14
9/1/2015,42.92
9/2/2015,37.92
9/3/2015,37.43
9/4/2015,41.72
9/7/2015,.
9/8/2015,37.38
9/9/2015,35.12
9/10/2015,35.61
9/11/2015,35.53
9/14/2015,35.24
9/15/2015,33.97
9/16/2015,31.65
9/17/2015,28.68
9/18/2015,31.3
9/21/2015,29.66
9/22/2015,31.79
9/23/2015,32.11
9/24/2015,33.94
9/25/2015,32.81
9/28/2015,36.29
9/29/2015,36.11
9/30/2015,33.32
10/1/2015,32.02
10/2/2015,30.63
10/5/2015,28.59
10/6/2015,28.42
10/7/2015,28.09
10/8/2015,26.97
10/9/2015,26.9
10/12/2015,25.81
10/13/2015,27.54
10/14/2015,27.2
10/15/2015,24.94
10/16/2015,23.52
10/19/2015,24.03
10/20/2015,23.95
10/21/2015,24.29
10/22/2015,22.66
10/23/2015,22.43
10/26/2015,23.77
10/27/2015,24.34
10/28/2015,24.5
10/29/2015,24.49
10/30/2015,22.52
11/2/2015,21.37
11/3/2015,21.41
11/4/2015,22.12
11/5/2015,22.29
11/6/2015,22.8
11/9/2015,24.49
11/10/2015,24.09
11/11/2015,23.75
11/12/2015,24.62
11/13/2015,25.92
11/16/2015,24.15
11/17/2015,24
11/18/2015,22.49
11/19/2015,22.54
11/20/2015,21.13
11/23/2015,21.49
11/24/2015,21.62
11/25/2015,21.95
11/26/2015,.
11/27/2015,23.44
11/30/2015,24.25
12/1/2015,23.71
12/2/2015,24.22
12/3/2015,24.53
12/4/2015,22.94
12/7/2015,24.26
12/8/2015,26.37
12/9/2015,27.6
12/10/2015,26.25
12/11/2015,30.43
12/14/2015,29.37
12/15/2015,28.09
12/16/2015,24.84
12/17/2015,24.19
12/18/2015,25.04
12/21/2015,24.34
12/22/2015,23.2
12/23/2015,22.49
12/24/2015,22.06
12/25/2015,.
12/28/2015,23.61
12/29/2015,22.85
12/30/2015,23.43
12/31/2015,22.91
1/1/2016,.
1/4/2016,26.53
1/5/2016,25.28
1/6/2016,26.34
1/7/2016,32.59
1/8/2016,34.56
1/11/2016,32.33
1/12/2016,29.97
1/13/2016,30.87
1/14/2016,30.07
1/15/2016,35.24
1/18/2016,.
1/19/2016,33.54
1/20/2016,36.41
1/21/2016,35.67
1/22/2016,31.69
1/25/2016,32.56
1/26/2016,31.59
1/27/2016,30.56
1/28/2016,30.18
1/29/2016,28.41
2/1/2016,29.22
2/2/2016,31.73
2/3/2016,31.59
2/4/2016,31.56
2/5/2016,32.79
2/8/2016,35.99
2/9/2016,37.44
2/10/2016,36.22
2/11/2016,39.31
2/12/2016,36.89
2/15/2016,.
2/16/2016,34.29
2/17/2016,32.69
2/18/2016,32.15
2/19/2016,30.9
2/22/2016,28.66
2/23/2016,29.49
2/24/2016,29.87
2/25/2016,29.18
2/26/2016,29.84
2/29/2016,28.76
3/1/2016,26.66
3/2/2016,25.32
3/3/2016,24.66
3/4/2016,25.24
3/7/2016,25.82
3/8/2016,27.34
3/9/2016,26.77
3/10/2016,25.64
3/11/2016,24.03
3/14/2016,24.75
3/15/2016,25.78
3/16/2016,24.02
3/17/2016,24.07
3/18/2016,23.39
3/21/2016,23.49
3/22/2016,22.96
3/23/2016,23.78
3/24/2016,23.58
3/25/2016,.
3/28/2016,24.36
3/29/2016,24.13
3/30/2016,23.38
3/31/2016,22.73
4/1/2016,22.67
4/4/2016,23.13
4/5/2016,24.08
4/6/2016,22.9
4/7/2016,24.69
4/8/2016,23.43
4/11/2016,22.59
4/12/2016,22.64
4/13/2016,22.93
4/14/2016,22.59
4/15/2016,21.93
4/18/2016,21.49
4/19/2016,20.93
4/20/2016,21.63
4/21/2016,21.68
4/22/2016,22.07
4/25/2016,22.57
4/26/2016,22.15
4/27/2016,21.44
4/28/2016,22.14
4/29/2016,22.87
5/2/2016,23.36
5/3/2016,25.04
5/4/2016,25.92
5/5/2016,25.1
5/6/2016,24.24
5/9/2016,26.07
5/10/2016,24.05
5/11/2016,23.66
5/12/2016,23.24
5/13/2016,24.59
5/16/2016,23.85
5/17/2016,24.17
5/18/2016,25.36
5/19/2016,25.85
5/20/2016,23.6
5/23/2016,23.11
5/24/2016,22.72
5/25/2016,22.07
5/26/2016,21.61
5/27/2016,21.26
5/30/2016,.
5/31/2016,22.45
6/1/2016,21.97
6/2/2016,20.91
6/3/2016,20.44
6/6/2016,20.83
6/7/2016,20.56
6/8/2016,20.19
6/9/2016,20.98
6/10/2016,24.22
6/13/2016,28.29
6/14/2016,28.29
6/15/2016,27.27
6/16/2016,27.28
6/17/2016,27.22
6/20/2016,26.74
6/21/2016,26.28
6/22/2016,29.67
6/23/2016,25.68
6/24/2016,29.58
6/27/2016,29.17
6/28/2016,25.15
6/29/2016,24.44
6/30/2016,23.69
7/1/2016,22.54
7/4/2016,.
7/5/2016,24.78
7/6/2016,24.17
7/7/2016,23.72
7/8/2016,21.55
7/11/2016,20.35
7/12/2016,20.81
7/13/2016,20.46
7/14/2016,21.09
7/15/2016,20.74
7/18/2016,20.5
7/19/2016,20.41
7/20/2016,20.2
7/21/2016,20.59
7/22/2016,19.95
7/25/2016,21.53
7/26/2016,21.31
7/27/2016,20.74
7/28/2016,20.12
7/29/2016,19.19
8/1/2016,19.78
8/2/2016,20.99
8/3/2016,20.53
8/4/2016,19.61
8/5/2016,18.36
8/8/2016,18.64
8/9/2016,18.29
8/10/2016,18.8
8/11/2016,18.66
8/12/2016,18.72
8/15/2016,18.62
8/16/2016,19.98
8/17/2016,19.9
8/18/2016,18.83
8/19/2016,19.09
8/22/2016,20.37
8/23/2016,20.4
8/24/2016,20.98
8/25/2016,21.02
8/26/2016,20.86
8/29/2016,20.12
8/30/2016,20.5
8/31/2016,21.55
9/1/2016,21.27
9/2/2016,19.51
9/5/2016,.
9/6/2016,19.62
9/7/2016,19.64
9/8/2016,19.74
9/9/2016,23.82
9/12/2016,23.38
9/13/2016,26.56
9/14/2016,26.04
9/15/2016,24.41
9/16/2016,23.38
9/19/2016,23.31
9/20/2016,23.02
9/21/2016,19.81
9/22/2016,19.06
9/23/2016,20.67
9/26/2016,22.76
9/27/2016,21.22
9/28/2016,20.77
9/29/2016,23.72
9/30/2016,22.12
10/3/2016,22.5
10/4/2016,23.57
10/5/2016,22.51
10/6/2016,22.59
10/7/2016,22.69
10/10/2016,22.26
10/11/2016,24.39
10/12/2016,23.81
10/13/2016,24.5
10/14/2016,23.45
10/17/2016,23.02
10/18/2016,21.52
10/19/2016,21.07
10/20/2016,20.22
10/21/2016,19.65
10/24/2016,19.93
10/25/2016,19.76
10/26/2016,21.08
10/27/2016,21.74
10/28/2016,23.35
10/31/2016,24.04
11/1/2016,26.09
11/2/2016,26.45
11/3/2016,29.17
11/4/2016,28.98
11/7/2016,26.2
11/8/2016,26.38
11/9/2016,23.18
11/10/2016,26.78
11/11/2016,28.99
11/14/2016,29.21
11/15/2016,24.4
11/16/2016,23.79
11/17/2016,22.29
11/18/2016,21.79
11/21/2016,20.59
11/22/2016,20.34
11/23/2016,21.58
11/24/2016,.
11/25/2016,21.27
11/28/2016,22.22
11/29/2016,21.99
11/30/2016,21.35
12/1/2016,22.92
12/2/2016,22.94
12/5/2016,20.85
12/6/2016,19.98
12/7/2016,20.02
12/8/2016,20.42
12/9/2016,19.55
12/12/2016,19.83
12/13/2016,19.01
12/14/2016,21.67
12/15/2016,21.14
12/16/2016,19.31
12/19/2016,19.4
12/20/2016,19.51
12/21/2016,19.17
12/22/2016,20.48
12/23/2016,19.27
12/26/2016,.
12/27/2016,20.2
12/28/2016,20.43
12/29/2016,21.13
12/30/2016,22.33
1/2/2017,.
1/3/2017,21.63
1/4/2017,20.24
1/5/2017,19.46
1/6/2017,19.21
1/9/2017,19.14
1/10/2017,19.05
1/11/2017,18.89
1/12/2017,19.18
1/13/2017,18.23
1/16/2017,.
1/17/2017,18.68
1/18/2017,18.63
1/19/2017,18.88
1/20/2017,16.96
1/23/2017,17.71
1/24/2017,17.39
1/25/2017,17.05
1/26/2017,17.43
1/27/2017,16.73
1/30/2017,18.56
1/31/2017,18.62
2/1/2017,17.95
2/2/2017,17.3
2/3/2017,16.45
2/6/2017,16.76
2/7/2017,17.38
2/8/2017,17.11
2/9/2017,16.81
2/10/2017,16.25
2/13/2017,16.36
2/14/2017,15.72
2/15/2017,16.05
2/16/2017,15.86
2/17/2017,15.23
2/20/2017,.
2/21/2017,16.2
2/22/2017,16.68
2/23/2017,16.7
2/24/2017,17.52
2/27/2017,17.7
2/28/2017,18.67
3/1/2017,18.06
3/2/2017,19.06
3/3/2017,17.81
3/6/2017,17.53
3/7/2017,16.71
3/8/2017,17.67
3/9/2017,18.31
3/10/2017,17.07
3/13/2017,15.21
3/14/2017,15.75
3/15/2017,14.93
3/16/2017,14.93
3/17/2017,13.97
3/20/2017,15.49
3/21/2017,17.95
3/22/2017,17.75
3/23/2017,18.28
3/24/2017,17.81
3/27/2017,18.05
3/28/2017,17.35
3/29/2017,16.21
3/30/2017,15.9
3/31/2017,15.99
4/3/2017,16.45
4/4/2017,16.72
4/5/2017,16.6
4/6/2017,16.94
4/7/2017,17.53
4/10/2017,18.21
4/11/2017,19.56
4/12/2017,19.33
4/13/2017,20.11
4/14/2017,.
4/17/2017,20.36
4/18/2017,20.72
4/19/2017,20.53
4/20/2017,20.09
4/21/2017,20.29
4/24/2017,15.11
4/25/2017,15.13
4/26/2017,15.03
4/27/2017,15.01
4/28/2017,14.76
5/1/2017,14.81
5/2/2017,15.13
5/3/2017,15.87
5/4/2017,17.47
5/5/2017,16.6
5/8/2017,16.19
5/9/2017,16.23
5/10/2017,15.53
5/11/2017,16.23
5/12/2017,16.47
5/15/2017,16.21
5/16/2017,16.35
5/17/2017,20.53
5/18/2017,20.48
5/19/2017,17.98
5/22/2017,17
5/23/2017,16.55
5/24/2017,16.24
5/25/2017,15.64
5/26/2017,15.77
5/29/2017,.
5/30/2017,16.69
5/31/2017,17.06
6/1/2017,16.3
6/2/2017,15.8
6/5/2017,16.03
6/6/2017,16.14
6/7/2017,16.13
6/8/2017,15.64
6/9/2017,16.16
6/12/2017,16.54
6/13/2017,16.16
6/14/2017,16.41
6/15/2017,15.92
6/16/2017,15.39
6/19/2017,13.73
6/20/2017,14.62
6/21/2017,14.26
6/22/2017,13.77
6/23/2017,13.28
6/26/2017,14.38
6/27/2017,15.95
6/28/2017,15.3
6/29/2017,17.1
6/30/2017,15.97
7/3/2017,15.92
7/4/2017,.
7/5/2017,16.68
7/6/2017,17.98
7/7/2017,16.87
7/10/2017,16.06
7/11/2017,16.44
7/12/2017,15.28
7/13/2017,14.62
7/14/2017,14.36
7/17/2017,14.35
7/18/2017,14.14
7/19/2017,14.19
7/20/2017,14.24
7/21/2017,14.32
7/24/2017,14.71
7/25/2017,14.73
7/26/2017,14.16
7/27/2017,14.78
7/28/2017,14.6
7/31/2017,14.52
8/1/2017,14.47
8/2/2017,14.5
8/3/2017,15.24
8/4/2017,14.69
8/7/2017,14.99
8/8/2017,15.68
8/9/2017,17.12
8/10/2017,22.21
8/11/2017,20.83
8/14/2017,17.45
8/15/2017,17
8/16/2017,16.01
8/17/2017,21.46
8/18/2017,19.81
8/21/2017,18.26
8/22/2017,16.93
8/23/2017,16.77
8/24/2017,16.69
8/25/2017,16.43
8/28/2017,16.85
8/29/2017,17.29
8/30/2017,17.18
8/31/2017,16.52
9/1/2017,15.45
9/4/2017,.
9/5/2017,18.23
9/6/2017,17.19
9/7/2017,16.59
9/8/2017,17.77
9/11/2017,15.28
9/12/2017,15.49
9/13/2017,14.85
9/14/2017,14.29
9/15/2017,13.93
9/18/2017,14.42
9/19/2017,15.48
9/20/2017,15.42
9/21/2017,15.42
9/22/2017,15.24
9/25/2017,17.67
9/26/2017,17.74
9/27/2017,17.24
9/28/2017,16.34
9/29/2017,16.03
10/2/2017,16.38
10/3/2017,15.88
10/4/2017,15.64
10/5/2017,15.33
10/6/2017,15.91
10/9/2017,16.19
10/10/2017,15.92
10/11/2017,15.44
10/12/2017,15.53
10/13/2017,14.7
10/16/2017,15.39
10/17/2017,15.07
10/18/2017,15.55
10/19/2017,15.44
10/20/2017,14.67
10/23/2017,16.49
10/24/2017,16.78
10/25/2017,17.42
10/26/2017,17.68
10/27/2017,16.53
10/30/2017,18.17
10/31/2017,17.07
11/1/2017,16.49
11/2/2017,15.85
11/3/2017,16.3
11/6/2017,15.99
11/7/2017,16.91
11/8/2017,16.46
11/9/2017,17.31
11/10/2017,16.73
11/13/2017,17.03
11/14/2017,17.31
11/15/2017,18.43
11/16/2017,17.52
11/17/2017,16.32
11/20/2017,16.91
11/21/2017,16.72
11/22/2017,16.36
11/23/2017,.
11/24/2017,16.37
11/27/2017,17.85
11/28/2017,17.84
11/29/2017,18.84
11/30/2017,18.92
12/1/2017,19.75
12/4/2017,19.09
12/5/2017,17.94
12/6/2017,18.98
12/7/2017,18.14
12/8/2017,17.14
12/11/2017,15.31
12/12/2017,16.88
12/13/2017,15.01
12/14/2017,15.22
12/15/2017,14.23
12/18/2017,14.13
12/19/2017,14.48
12/20/2017,14.11
12/21/2017,13.49
12/22/2017,13.66
12/25/2017,.
12/26/2017,14.71
12/27/2017,14.62
12/28/2017,15.56
12/29/2017,16.25
1/1/2018,.
1/2/2018,16.64
1/3/2018,15.88
1/4/2018,16.04
1/5/2018,15.84
1/8/2018,16.06
1/9/2018,16.59
1/10/2018,16.53
1/11/2018,15.44
1/12/2018,15.25
1/15/2018,.
1/16/2018,16.42
1/17/2018,16.98
1/18/2018,16.89
1/19/2018,16.5
1/22/2018,16.8
1/23/2018,17.45
1/24/2018,17.58
1/25/2018,19.18
1/26/2018,18.92
1/29/2018,20.79
1/30/2018,21.3
1/31/2018,20.66
2/1/2018,19.95
2/2/2018,23.13
2/5/2018,28.06
2/6/2018,25.58
2/7/2018,27.42
2/8/2018,35.72
2/9/2018,31.92
2/12/2018,27.74
2/13/2018,26.3
2/14/2018,22.49
2/15/2018,24.02
2/16/2018,23.11
2/19/2018,.
2/20/2018,24.04
2/21/2018,23.32
2/22/2018,23.14
2/23/2018,21.26
2/26/2018,20.71
2/27/2018,24.44
2/28/2018,25.81
3/1/2018,26.37
3/2/2018,24.96
3/5/2018,24.24
3/6/2018,23.68
3/7/2018,23.38
3/8/2018,22.7
3/9/2018,20.53
3/12/2018,20.12
3/13/2018,21.5
3/14/2018,20.68
3/15/2018,20.81
3/16/2018,19.76
3/19/2018,22.36
3/20/2018,22.67
3/21/2018,21.08
3/22/2018,27.61
3/23/2018,29.8
3/26/2018,26.48
3/27/2018,28.98
3/28/2018,29.78
3/29/2018,26.26
3/30/2018,.
4/2/2018,29.48
4/3/2018,27.34
4/4/2018,26.91
4/5/2018,25.17
4/6/2018,26.15
4/9/2018,25.42
4/10/2018,24.15
4/11/2018,23.54
4/12/2018,22.47
4/13/2018,21.71
4/16/2018,20.73
4/17/2018,19.84
4/18/2018,18.07
4/19/2018,18.53
4/20/2018,19.36
4/23/2018,19.25
4/24/2018,19.94
4/25/2018,20.67
4/26/2018,19.12
4/27/2018,18.32
4/30/2018,18.91
5/1/2018,19.08
5/2/2018,19.48
5/3/2018,19.77
5/4/2018,19.13
5/7/2018,19.66
5/8/2018,19.04
5/9/2018,18.45
5/10/2018,18.13
5/11/2018,17.48
5/14/2018,17.41
5/15/2018,19.37
5/16/2018,18.46
5/17/2018,19.12
5/18/2018,19.07
5/21/2018,18.34
5/22/2018,17.89
5/23/2018,18.43
5/24/2018,19.14
5/25/2018,18.41
5/28/2018,.
5/29/2018,22.41
5/30/2018,20.11
5/31/2018,19.33
6/1/2018,17.79
6/4/2018,17.22
6/5/2018,17.79
6/6/2018,17.09
6/7/2018,18.61
6/8/2018,18.27
6/11/2018,17.57
6/12/2018,16.9
6/13/2018,17.65
6/14/2018,17.9
6/15/2018,17.1
6/18/2018,18.22
6/19/2018,19.5
6/20/2018,18.42
6/21/2018,19.74
6/22/2018,18.68
6/25/2018,21.04
6/26/2018,20.48
6/27/2018,23.01
6/28/2018,21.57
6/29/2018,20.77
7/2/2018,22.31
7/3/2018,22.03
7/4/2018,.
7/5/2018,21.9
7/6/2018,19.98
7/9/2018,18.58
7/10/2018,17.71
7/11/2018,19.43
7/12/2018,18.21
7/13/2018,17.48
7/16/2018,17.39
7/17/2018,16.88
7/18/2018,17.15
7/19/2018,18.1
7/20/2018,17.32
7/23/2018,18.26
7/24/2018,17.97
7/25/2018,17.25
7/26/2018,17.48
7/27/2018,17.9
7/30/2018,18.4
7/31/2018,17.8
8/1/2018,17.93
8/2/2018,18.71
8/3/2018,17.94
8/6/2018,17.95
8/7/2018,17.6
8/8/2018,17.14
8/9/2018,17.13
8/10/2018,19.75
8/13/2018,20.1
8/14/2018,18.34
8/15/2018,23.13
8/16/2018,21.47
8/17/2018,20.95
8/20/2018,20.08
8/21/2018,18.93
8/22/2018,18.87
8/23/2018,19.47
8/24/2018,18.59
8/27/2018,19.26
8/28/2018,18.92
8/29/2018,18.52
8/30/2018,20.73
8/31/2018,20.26
9/3/2018,.
9/4/2018,22.53
9/5/2018,22.7
9/6/2018,22.08
9/7/2018,22.28
9/10/2018,22.06
9/11/2018,21.8
9/12/2018,21.35
9/13/2018,20.66
9/14/2018,19.99
9/17/2018,21.52
9/18/2018,20.27
9/19/2018,19.41
9/20/2018,18.95
9/21/2018,19.11
9/24/2018,20.25
9/25/2018,20.13
9/26/2018,20.22
9/27/2018,19.3
9/28/2018,19.65
10/1/2018,19.8
10/2/2018,20.79
10/3/2018,21.02
10/4/2018,23.07
10/5/2018,23.4
10/8/2018,23.07
10/9/2018,22.99
10/10/2018,26.84
10/11/2018,28.15
10/12/2018,26.13
10/15/2018,25.97
10/16/2018,24.14
10/17/2018,24.44
10/18/2018,27.34
10/19/2018,25.85
10/22/2018,25.64
10/23/2018,27.16
10/24/2018,31.68
10/25/2018,29.53
10/26/2018,30.68
10/29/2018,31.51
10/30/2018,29.24
10/31/2018,27.92
11/1/2018,26.6
11/2/2018,27.72
11/5/2018,27.63
11/6/2018,27.1
11/7/2018,24.27
11/8/2018,24.86
11/9/2018,26.13
11/12/2018,28.66
11/13/2018,28.61
11/14/2018,28.25
11/15/2018,28.03
11/16/2018,27.71
11/19/2018,29.06
11/20/2018,29.31
11/21/2018,27.15
11/22/2018,.
11/23/2018,27.11
11/26/2018,26.81
11/27/2018,26.43
11/28/2018,26.42
11/29/2018,26.68
11/30/2018,26.11
12/3/2018,22.72
12/4/2018,25.23
12/5/2018,.
12/6/2018,26.25
12/7/2018,27.7
12/10/2018,27.23
12/11/2018,26.17
12/12/2018,24.9
12/13/2018,24.05
12/14/2018,24.12
12/17/2018,26.76
12/18/2018,25.98
12/19/2018,25.85
12/20/2018,25.91
12/21/2018,26.34
12/24/2018,28.26
12/25/2018,.
12/26/2018,26.35
12/27/2018,26.5
12/28/2018,25.43
12/31/2018,24.91
1/1/2019,.
1/2/2019,24.72
1/3/2019,26.14
1/4/2019,23.86
1/7/2019,23.59
1/8/2019,22.53
1/9/2019,21.65
1/10/2019,21
1/11/2019,20.24
1/14/2019,20.29
1/15/2019,19.98
1/16/2019,19.58
1/17/2019,19.88
1/18/2019,18.52
1/21/2019,.
1/22/2019,21.39
1/23/2019,20.87
1/24/2019,19.77
1/25/2019,19.64
1/28/2019,20.68
1/29/2019,20.63
1/30/2019,20.74
1/31/2019,20.15
2/1/2019,19.66
2/4/2019,19.11
2/5/2019,18.63
2/6/2019,18.78
2/7/2019,19.37
2/8/2019,18.92
2/11/2019,18.89
2/12/2019,17.68
2/13/2019,17.77
2/14/2019,17.93
2/15/2019,17.71
2/18/2019,.
2/19/2019,17.71
2/20/2019,17.63
2/21/2019,17.21
2/22/2019,16.81
2/25/2019,17.41
2/26/2019,17.57
2/27/2019,18.34
2/28/2019,18.66
3/1/2019,18.11
3/4/2019,18.46
3/5/2019,17.75
3/6/2019,18.11
3/7/2019,19.56
3/8/2019,19.32
3/11/2019,17.96
3/12/2019,17.6
3/13/2019,17.47
3/14/2019,17.1
3/15/2019,15.39
3/18/2019,16.2
3/19/2019,16.54
3/20/2019,16.66
3/21/2019,16.2
3/22/2019,19.17
3/25/2019,19.41
3/26/2019,18.29
3/27/2019,19.36
3/28/2019,18.58
3/29/2019,18.09
4/1/2019,17.79
4/2/2019,17.28
4/3/2019,17.74
4/4/2019,17.09
4/5/2019,16.42
4/8/2019,16.42
4/9/2019,16.83
4/10/2019,16.39
4/11/2019,16.84
4/12/2019,16.01
4/15/2019,16.03
4/16/2019,15.57
4/17/2019,15.28
4/18/2019,15.28
4/19/2019,.
4/22/2019,16.4
4/23/2019,15.71
4/24/2019,16.3
4/25/2019,16.56
4/26/2019,15.77
4/29/2019,15.86
4/30/2019,16
5/1/2019,16.36
5/2/2019,16.44
5/3/2019,15.84
5/6/2019,19.11
5/7/2019,23.1
5/8/2019,23.18
5/9/2019,24.6
5/10/2019,21.38
5/13/2019,27.8
5/14/2019,24.07
5/15/2019,22
5/16/2019,21.26
5/17/2019,21.61
5/20/2019,21.6
5/21/2019,19.87
5/22/2019,19.79
5/23/2019,21.74
5/24/2019,20.55
5/27/2019,.
5/28/2019,21.11
5/29/2019,21.14
5/30/2019,20.97
5/31/2019,21.17
6/3/2019,21.54
6/4/2019,20.78
6/5/2019,20.88
6/6/2019,20.16
6/7/2019,19.75
6/10/2019,19.28
6/11/2019,19.31
6/12/2019,19.94
6/13/2019,19.4
6/14/2019,20.21
6/17/2019,19.08
6/18/2019,19.07
6/19/2019,18.3
6/20/2019,18.01
6/21/2019,17.91
6/24/2019,18.32
6/25/2019,19.27
6/26/2019,19.01
6/27/2019,19.37
6/28/2019,19.73
7/1/2019,17.22
7/2/2019,16.53
7/3/2019,16.64
7/4/2019,.
7/5/2019,16.59
7/8/2019,17.39
7/9/2019,17.56
7/10/2019,16.65
7/11/2019,16.46
7/12/2019,15.77
7/15/2019,15.24
7/16/2019,15.61
7/17/2019,15.7
7/18/2019,15.84
7/19/2019,16.17
7/22/2019,16.89
7/23/2019,16.39
7/24/2019,16.22
7/25/2019,16.61
7/26/2019,16.22
7/29/2019,16.61
7/30/2019,17.51
7/31/2019,17.48
8/1/2019,20.09
8/2/2019,20.53
8/5/2019,26.5
8/6/2019,24.27
8/7/2019,24.09
8/8/2019,20.58
8/9/2019,21.14
8/12/2019,23.69
8/13/2019,23.05
8/14/2019,26.45
8/15/2019,25.17
8/16/2019,23.29
8/19/2019,20.53
8/20/2019,19.92
8/21/2019,19.03
8/22/2019,19.61
8/23/2019,23.18
8/26/2019,22.71
8/27/2019,22.24
8/28/2019,21.38
8/29/2019,19.93
8/30/2019,19.72
9/2/2019,.
9/3/2019,20.92
9/4/2019,19.49
9/5/2019,17.86
9/6/2019,17.48
9/9/2019,17.56
9/10/2019,17.73
9/11/2019,17.25
9/12/2019,16.56
9/13/2019,16.28
9/16/2019,17.2
9/17/2019,17.02
9/18/2019,17.23
9/19/2019,17.1
9/20/2019,16.37
9/23/2019,16.58
9/24/2019,18.66
9/25/2019,18.56
9/26/2019,18.14
9/27/2019,20.46
9/30/2019,19.2
10/1/2019,19.9
10/2/2019,21.23
10/3/2019,20.52
10/4/2019,19.32
10/7/2019,20.03
10/8/2019,20.93
10/9/2019,19.64
10/10/2019,19.16
10/11/2019,18.28
10/14/2019,17.07
10/15/2019,16.11
10/16/2019,16.03
10/17/2019,16.03
10/18/2019,15.81
10/21/2019,15.55
10/22/2019,16.08
10/23/2019,15.94
10/24/2019,16.42
10/25/2019,15.65
10/28/2019,16.57
10/29/2019,16.58
10/30/2019,16.09
10/31/2019,17.52
11/1/2019,16.82
11/4/2019,17.89
11/5/2019,17.8
11/6/2019,17.64
11/7/2019,17.41
11/8/2019,17.77
11/11/2019,18.98
11/12/2019,18.93
11/13/2019,19.14
11/14/2019,18.49
11/15/2019,18.17
11/18/2019,17.77
11/19/2019,17.05
11/20/2019,17.56
11/21/2019,17.3
11/22/2019,16.74
11/25/2019,16.45
11/26/2019,16.45
11/27/2019,16.35
11/28/2019,.
11/29/2019,18.02
12/2/2019,17.83
12/3/2019,18.62
12/4/2019,17.73
12/5/2019,17.41
12/6/2019,16.91
12/9/2019,17.39
12/10/2019,17.22
12/11/2019,17.4
12/12/2019,17.42
12/13/2019,15.6
12/16/2019,15.45
12/17/2019,15.45
12/18/2019,15.05
12/19/2019,15.4
12/20/2019,15.03
12/23/2019,15.43
12/24/2019,15.47
12/25/2019,.
12/26/2019,15.81
12/27/2019,16.28
12/30/2019,17.26
12/31/2019,17.27
1/1/2020,.
1/2/2020,16.96
1/3/2020,18.31
1/6/2020,17.63
1/7/2020,16.1
1/8/2020,16.21
1/9/2020,15.35
1/10/2020,15.01
1/13/2020,14.86
1/14/2020,14.93
1/15/2020,14.94
1/16/2020,14.23
1/17/2020,14.19
1/20/2020,.
1/21/2020,16.56
1/22/2020,15.92
1/23/2020,17.03
1/24/2020,18.88
1/27/2020,22.1
1/28/2020,20.48
1/29/2020,19.26
1/30/2020,20.54
1/31/2020,22.99
2/3/2020,21.43
2/4/2020,19.81
2/5/2020,19.12
2/6/2020,19.09
2/7/2020,19.53
2/10/2020,18.57
2/11/2020,17.94
2/12/2020,17.03
2/13/2020,18.08
2/14/2020,17.27
2/17/2020,.
2/18/2020,17.78
2/19/2020,17.43
2/20/2020,18.48
2/21/2020,19.56
2/24/2020,24.9
2/25/2020,26.6
2/26/2020,26.76
2/27/2020,33.32
2/28/2020,43.16
3/2/2020,31.18
3/3/2020,32.88
3/4/2020,26.49
3/5/2020,30.21
3/6/2020,34.55
3/9/2020,48.34
3/10/2020,40.08
3/11/2020,48.03
3/12/2020,65.43
3/13/2020,66.82
3/16/2020,92.46
3/17/2020,77.83
3/18/2020,89.28
3/19/2020,80.67
3/20/2020,71.97
3/23/2020,66.39
3/24/2020,58.35
3/25/2020,58.87
3/26/2020,52.57
3/27/2020,61.56
3/30/2020,54.21
3/31/2020,51.75
4/1/2020,57.25
4/2/2020,52.21
4/3/2020,48.18
4/6/2020,53.81
4/7/2020,44.52
4/8/2020,40.31
4/9/2020,40.63
4/10/2020,.
4/13/2020,40.49
4/14/2020,37.37
4/15/2020,40.31
4/16/2020,40.42
4/17/2020,35.99
4/20/2020,38.92
4/21/2020,44.32
4/22/2020,41.48
4/23/2020,40.12
4/24/2020,49.15
4/27/2020,35.09
4/28/2020,35.32
4/29/2020,32.02
4/30/2020,35.99
5/1/2020,40.06
5/4/2020,39.77
5/5/2020,37
5/6/2020,36.87
5/7/2020,35.26
5/8/2020,33.07
5/11/2020,32.05
5/12/2020,33.4
5/13/2020,35.92
5/14/2020,35.2
5/15/2020,34.89
5/18/2020,29.83
5/19/2020,30.58
5/20/2020,29.15
5/21/2020,31.07
5/22/2020,31.58
5/25/2020,.
5/26/2020,30.34
5/27/2020,30.6
5/28/2020,32.39
5/29/2020,29.79
6/1/2020,29.49
6/2/2020,28.6
6/3/2020,27.59
6/4/2020,27.59
6/5/2020,26.35
6/8/2020,27.23
6/9/2020,28.23
6/10/2020,27.42
6/11/2020,37.9
6/12/2020,37.81
6/15/2020,37.08
6/16/2020,36.6
6/17/2020,35.19
6/18/2020,33.65
6/19/2020,31.61
6/22/2020,30.3
6/23/2020,29.48
6/24/2020,32.72
6/25/2020,30.79
6/26/2020,32.36
6/29/2020,30.34
6/30/2020,27.99
7/1/2020,26.9
7/2/2020,25.29
7/3/2020,.
7/6/2020,27.96
7/7/2020,28.47
7/8/2020,27.28
7/9/2020,28.91
7/10/2020,28.51
7/13/2020,29.59
7/14/2020,29.8
7/15/2020,27.75
7/16/2020,26.88
7/17/2020,23.38
7/20/2020,22.54
7/21/2020,23.11
7/22/2020,23.33
7/23/2020,23.65
7/24/2020,24.03
7/27/2020,24.69
7/28/2020,24.11
7/29/2020,23.42
7/30/2020,24.28
7/31/2020,23.14
8/3/2020,23.2
8/4/2020,22.67
8/5/2020,22
8/6/2020,22.46
8/7/2020,23.99
8/10/2020,24.14
8/11/2020,24.78
8/12/2020,22.82
8/13/2020,22.24
8/14/2020,22.49
8/17/2020,21.16
8/18/2020,20.85
8/19/2020,22.56
8/20/2020,22.53
8/21/2020,21.5
8/24/2020,22.32
8/25/2020,21.88
8/26/2020,22.76
8/27/2020,24.33
8/28/2020,22.9
8/31/2020,26.49
9/1/2020,25.68
9/2/2020,27.52
9/3/2020,32.36
9/4/2020,29.41
9/7/2020,.
9/8/2020,30
9/9/2020,25.46
9/10/2020,25.24
9/11/2020,23.71
9/14/2020,22.69
9/15/2020,22.07
9/16/2020,23.52
9/17/2020,22.87
9/18/2020,22.26
9/21/2020,24.67
9/22/2020,25.37
9/23/2020,27.15
9/24/2020,27.15
9/25/2020,26.63
9/28/2020,26.36
9/29/2020,27.57
9/30/2020,27.05
10/1/2020,26.2
10/2/2020,27.51
10/5/2020,27.66
10/6/2020,28.1
10/7/2020,27.37
10/8/2020,25.6
10/9/2020,22.78
10/12/2020,21.69
10/13/2020,22.48
10/14/2020,23.42
10/15/2020,24.21
10/16/2020,24.81
10/19/2020,25.7
10/20/2020,25.87
10/21/2020,26.9
10/22/2020,26.23
10/23/2020,25.11
10/26/2020,29.15
10/27/2020,28.39
10/28/2020,33.31
10/29/2020,31.26
10/30/2020,32.19
11/2/2020,34.01
11/3/2020,32.67
11/4/2020,26.87
11/5/2020,26.49
11/6/2020,24.12
11/9/2020,24.94
11/10/2020,23.99
11/11/2020,22.16
11/12/2020,25.27
11/13/2020,22.05
11/16/2020,21.85
11/17/2020,22
11/18/2020,23.12
11/19/2020,22.29
11/20/2020,21.96
11/23/2020,21.85
11/24/2020,21.5
11/25/2020,22.46
11/26/2020,.
11/27/2020,22.71
11/30/2020,25.27
12/1/2020,25.02
12/2/2020,25.44
12/3/2020,25.69
12/4/2020,24.95
12/7/2020,25.08
12/8/2020,22.63
12/9/2020,23.79
12/10/2020,22.57
12/11/2020,22.34
12/14/2020,24.87
12/15/2020,23.69
12/16/2020,23.27
12/17/2020,22.31
12/18/2020,21.09
12/21/2020,23.51
12/22/2020,26.14
12/23/2020,24.72
12/24/2020,24.79
12/25/2020,.
12/28/2020,24.9
12/29/2020,24.55
12/30/2020,24.01
12/31/2020,24.74
1/1/2021,.
1/4/2021,27.31
1/5/2021,25.72
1/6/2021,27.57
1/7/2021,25.42
1/8/2021,22.43
1/11/2021,27.13
1/12/2021,26.59
1/13/2021,25.58
1/14/2021,23.49
1/15/2021,24.67
1/18/2021,.
1/19/2021,26
1/20/2021,25.35
1/21/2021,24.93
1/22/2021,26.93
1/25/2021,28.94
1/26/2021,26.76
1/27/2021,29.82
1/28/2021,27.64
1/29/2021,29.8
2/1/2021,26.94
2/2/2021,25.58
2/3/2021,23.27
2/4/2021,22.33
2/5/2021,21.18
2/8/2021,21.96
2/9/2021,21.42
2/10/2021,22.18
2/11/2021,21.93
2/12/2021,21.71
2/15/2021,.
2/16/2021,22.73
2/17/2021,23.02
2/18/2021,24.47
2/19/2021,24.22
2/22/2021,25.62
2/23/2021,26.75
2/24/2021,26.97
2/25/2021,30.86
2/26/2021,29.55
3/1/2021,26.52
3/2/2021,26.94
3/3/2021,27.35
3/4/2021,30.45
3/5/2021,28.05
3/8/2021,30.01
3/9/2021,27.17
3/10/2021,26.06
3/11/2021,24.87
3/12/2021,26.41
3/15/2021,26.05
3/16/2021,24.61
3/17/2021,24.54
3/18/2021,25.81
3/19/2021,24.52
3/22/2021,24.33
3/23/2021,24.14
3/24/2021,25.69
3/25/2021,26.04
3/26/2021,24.21
3/29/2021,25.3
3/30/2021,24.95
3/31/2021,22.66
4/1/2021,20.41
4/2/2021,.
4/5/2021,20.83
4/6/2021,20.43
4/7/2021,20.53
4/8/2021,20.28
4/9/2021,20.89
4/12/2021,20.23
4/13/2021,20.52
4/14/2021,19.53
4/15/2021,19.12
4/16/2021,17.89
4/19/2021,19.68
4/20/2021,20.82
4/21/2021,20.16
4/22/2021,53.51
4/23/2021,19.42
4/26/2021,20.75
4/27/2021,19.77
4/28/2021,19.27
4/29/2021,19.59
4/30/2021,20.62
5/3/2021,21.39
5/4/2021,23.98
5/5/2021,22.13
5/6/2021,21.52
5/7/2021,19.61
5/10/2021,22.21
5/11/2021,24.37
5/12/2021,27
5/13/2021,25.5
5/14/2021,21.9
5/17/2021,22.48
5/18/2021,24.64
5/19/2021,23.95
5/20/2021,22.72
5/21/2021,21.98
5/24/2021,20.26
5/25/2021,20.32
5/26/2021,19.71
5/27/2021,19.04
5/28/2021,18.6
5/31/2021,.
6/1/2021,19.37
6/2/2021,19.75
6/3/2021,20.37
6/4/2021,19.24
6/7/2021,19.9
6/8/2021,19.57
6/9/2021,19.8
6/10/2021,18.38
6/11/2021,17.88
6/14/2021,18.35
6/15/2021,18.56
6/16/2021,21.06
6/17/2021,18.25
6/18/2021,19.67
6/21/2021,19.26
6/22/2021,20.39
6/23/2021,39.15
6/24/2021,17.65
6/25/2021,17.37
6/28/2021,18.16
6/29/2021,18.5
6/30/2021,18.82
7/1/2021,18.79
7/2/2021,17.85
7/5/2021,.
7/6/2021,20.24
7/7/2021,20.28
7/8/2021,22.52
7/9/2021,20.83
7/12/2021,19.66
7/13/2021,18.87
7/14/2021,18.47
7/15/2021,18.36
7/16/2021,19.24
7/19/2021,23.8
7/20/2021,21.24
7/21/2021,20.65
7/22/2021,19.72
7/23/2021,20.63
7/26/2021,25.16
7/27/2021,31.48
7/28/2021,24.58
7/29/2021,22.47
7/30/2021,25.96
8/2/2021,23.42
8/3/2021,22.39
8/4/2021,22.52
8/5/2021,20.66
8/6/2021,26.62
8/9/2021,19.63
8/10/2021,30.01
8/11/2021,18.93
8/12/2021,19.32
8/13/2021,18.78
8/16/2021,19.16
8/17/2021,21.46
8/18/2021,21.81
8/19/2021,24.71
8/20/2021,23.96
8/23/2021,23.14
8/24/2021,21.64
8/25/2021,20.75
8/26/2021,22.2
8/27/2021,19.8
8/30/2021,19.92
8/31/2021,19.61
9/1/2021,19.57
9/2/2021,19.97
9/3/2021,19.34
9/6/2021,.
9/7/2021,20.19
9/8/2021,20.93
9/9/2021,21.21
9/10/2021,21.8
9/13/2021,21.69
9/14/2021,22.37
9/15/2021,21.11
9/16/2021,21.85
9/17/2021,22.46
9/20/2021,28.85
9/21/2021,28.16
9/22/2021,25.85
9/23/2021,24.21
9/24/2021,23.93
9/27/2021,23.85
9/28/2021,28.1
9/29/2021,27.6
9/30/2021,28.89
10/1/2021,25.73
10/4/2021,28.83
10/5/2021,25.61
10/6/2021,26.26
10/7/2021,23.66
